dimension,signal,evidence,suggested_gap,caution,priority
Geográfica,Regiones con baja presencia relativa.,Regiones con baja presencia frente a la región dominante: Asia.,Evaluar estudios comparativos con regiones subrepresentadas o análisis de transferencia contextual.,La clasificación continental es amplia y preliminar; requiere revisión de afiliaciones.,Media
Temporal,Baja presencia en el año más reciente recuperado.,El año 2024 tiene 3 publicaciones frente a un promedio anual de 6.25.,"Explorar si el tema está disminuyendo, si existe retraso de indexación o si conviene ajustar términos de búsqueda.",Los años recientes suelen estar incompletos por retraso de indexación.,Media
Temática,Núcleo temático dominante detectado.,"Términos frecuentes: habilidades, blandas, desarrollo, estudiantes, formacion, laboral, educacion, skills | Bigramas frecuentes: habilidades blandas, desarrollo habilidades, soft skills, blandas estudiantes, educacion superior, desempeno docente, importancia habilidades, habilidades duras","Contrastar el núcleo temático dominante con dimensiones menos visibles: contexto local, aplicación sectorial, impacto social, gobernanza, metodología, transferencia o educación.",La frecuencia de términos no equivale a relevancia teórica; debe revisarse lectura cualitativa.,Media
Temática,Baja visibilidad automática de la dimensión: Ética y responsabilidad.,No se detectaron términos asociados a Ética y responsabilidad entre títulos y abstracts normalizados.,"Explorar una posible brecha sobre dimensión ética, responsabilidad, sesgos, rendición de cuentas o justicia algorítmica.","La ausencia automática debe verificarse mediante lectura de títulos, abstracts y búsqueda con términos específicos.",Media
Temática,Baja visibilidad automática de la dimensión: Gobernanza y regulación.,No se detectaron términos asociados a Gobernanza y regulación entre títulos y abstracts normalizados.,"Explorar una posible brecha sobre gobernanza, regulación, política institucional o cumplimiento.","La ausencia automática debe verificarse mediante lectura de títulos, abstracts y búsqueda con términos específicos.",Media
Temática,Baja visibilidad automática de la dimensión: Sostenibilidad e impacto socioambiental.,No se detectaron términos asociados a Sostenibilidad e impacto socioambiental entre títulos y abstracts normalizados.,"Explorar una posible brecha sobre sostenibilidad, impacto ambiental o responsabilidad socioecológica.","La ausencia automática debe verificarse mediante lectura de títulos, abstracts y búsqueda con términos específicos.",Media
Temática,Baja visibilidad automática de la dimensión: Transferencia tecnológica e innovación.,No se detectaron términos asociados a Transferencia tecnológica e innovación entre títulos y abstracts normalizados.,"Explorar una posible brecha sobre transferencia tecnológica, innovación aplicada, apropiación o uso sectorial.","La ausencia automática debe verificarse mediante lectura de títulos, abstracts y búsqueda con términos específicos.",Media
Temática,Baja visibilidad automática de la dimensión: Política pública e institucionalidad.,No se detectaron términos asociados a Política pública e institucionalidad entre títulos y abstracts normalizados.,"Explorar una posible brecha sobre política pública, gestión institucional y toma de decisiones.","La ausencia automática debe verificarse mediante lectura de títulos, abstracts y búsqueda con términos específicos.",Media
Institucional,Instituciones dominantes detectadas.,"La institución más recurrente es Corporación Universitaria Minuto de Dios, con 5 apariciones.",Explorar instituciones periféricas o redes emergentes que no aparecen en los núcleos dominantes.,La afiliación institucional puede repetirse por coautorías y metadatos múltiples.,Baja
