openalex_id,doi,title,publication_year,publication_date,type,cited_by_count,authors,institutions,countries,source,landing_page_url,is_open_access,abstract
https://openalex.org/W3001663120,https://doi.org/10.21855/ecociencia.50.144,Habilidades blandas: necesarias para la formación integral del estudiante universitario,2018,2018-12-21,article,104,Odalys Marrero Sánchez; Rachida Mohamed Amar; Jordi Xifra Triadú,Universidad Ecotec; Universidad de Cádiz; Universitat Pompeu Fabra,EC; ES,Revista Científica ECOCIENCIA,https://doi.org/10.21855/ecociencia.50.144,True,"El estudiante al egresar de la educación superior e integrarse al ámbito laboral se enfrenta a un cargo empresarial que exige un determinado conocimiento técnico o competencias profesionales que le permitan desempeñar de forma óptima su trabajo. Es decir, se trata de las competencias duras o Hard Skills. Para el desarrollo integral de una persona no basta solo con el conocimiento que pueda aprender, además de ello, es necesario un complemento de habilidades que le permitan comunicarse, tener autocontrol, confianza en sí mismo, se trata de las llamadas habilidades blandas o Soft Skills. En la actualidad, los empleadores demandan de profesionales competentes tanto en habilidades duras como blandas, es decir, que combinen el saber hacer con el saber ser y saber convivir. La siguiente investigación proporciona una recopilación teórica y reflexiva acerca de la importancia del desarrollo de las habilidades blandas durante el proceso docente, así como de su relación con las habilidades duras para el logro de una formación integral acorde a la sociedad del conocimiento, las tecnologías y la comunicación."
https://openalex.org/W2964861248,https://doi.org/10.1590/2175-35392019016464,Una revisión panorámica al entrenamiento de las habilidades blandas en estudiantes universitarios,2019,2019-01-01,article,119,Sandra Patricia Guerra-Báez,Corporación Universitaria Minuto de Dios,CO,Psicologia Escolar e Educacional,https://doi.org/10.1590/2175-35392019016464,True,"Resumen Las universidades en la actualidad asumen un reto fundamental en la construcción de sociedad, por lo que están llamadas a prestar especial interés en el entrenamiento de las habilidades blandas como parte esencial de la formación integral. El presente estudio teórico tiene como objetivo suministrar al pedagogo una conceptualización clara a partir de una revisión panorámica de la literatura de autores clásicos, por lo que se precisa la definición general del concepto y de cada una de las habilidades, se revisa la teoría del aprendizaje social como modelo referencial para el entrenamiento y se presentan las principales prácticas y estrategias a fomentar en los contexto de educación superior para desarrollarlas. Se concluye destacando la necesidad de construir, modificar o trasformar la práctica docente con la finalidad de propiciar un escenario de educación superior interesado en el desarrollo paralelo del ser y el hacer."
https://openalex.org/W3135316164,https://doi.org/10.20511/pyr2021.v9n1.1038,Habilidades blandas y el desempeño docente en el nivel superior de la educación,2021,2021-01-01,article,72,Jenny Liliana Rodríguez Siu; Raúl Eduardo Rodríguez Salazar; Leonardo Fuerte Montaño,Universidad Norbert Wiener,PE,Propósitos y Representaciones,https://doi.org/10.20511/pyr2021.v9n1.1038,True,"Luego de la indagación e interpretación de estudios previos, teorías y conceptos concernientes a la temática de investigación, en los siguientes acápites de este artículo de revisión, se pretende desarrollar, de forma conceptual y analítica, las habilidades blandas en la educación; las dimensiones de las habilidades blandas, según Daniel Goleman; las habilidades blandas en el docente de nivel superior; el desempeño docente; la evaluación del desempeño docente en el nivel superior; y, finalmente, la importancia de las habilidades bandas para el desempeño del docente universitario."
https://openalex.org/W4389260134,https://doi.org/10.24188/recia.v14.n1.2022.945,Habilidades blandas y ciencia,2022,2022-02-08,article,34,Jaime De La Ossa V,University of Sucre,CO,Revista Colombiana de Ciencia Animal - RECIA,https://doi.org/10.24188/recia.v14.n1.2022.945,True,"Las habilidades blandas, también conocidas como habilidades socioemocionales o habilidades para la vida, se describen como imprescindibles para un desarrollo integral del conocimiento y la educación. Las habilidades blandas se pueden agrupar en tres categorías: habilidades interpersonales, habilidades cognitivas, y habilidades para el control emocional. Estas tres categorías no trabajan de forma independiente, sino que generalmente se interrelacionan. Su importancia radica en que son valiosas para el desarrollo de la vida profesional y laboral. Se destacan como importantes, entre otras: comunicación asertiva, capacidad de negociación, confianza, cooperación, empatía, toma de decisiones, pensamiento crítico, autoevaluación, análisis y comprensión de consecuencias, y manejo de la ira, la tristeza y la frustración. Vistas como dimensiones interrelacionadas serían: aprender a saber, aprender a hacer, aprender a ser y aprender a vivir en sociedad. Se trata, así mismo, el egocentrismo como conducta que debilita o anula las habilidades blandas."
https://openalex.org/W3189178582,https://doi.org/10.4067/s0718-50062021000400049,Evaluación de las habilidades blandas en la educación superior,2021,2021-08-01,article,57,Gina Y. Fuentes; Luis Miguel Medrano Moreno; Diana Téllez; María Beatriz García,Corporación Universitaria Minuto de Dios,CO,Formación universitaria,https://doi.org/10.4067/s0718-50062021000400049,True,"Resumen: La presente investigación tiene como objetivo determinar la prevalencia de habilidades blandas en estudiantes de la Corporación Universitaria Minuto de Dios - UNIMINUTO (Colombia), de los programas académicos de psicología y administración en salud ocupacional de las sedes Bogotá sur y Zipaquirá. El enfoque es de tipo cuantitativo, con alcance descriptivo y corte transversal aplicado a una muestra de 50 estudiantes que cursan los últimos semestres. Se identifica que las habilidades blandas con mayor prevalencia en los estudiantes de los programas académicos estudiados son escucha, influencia y trabajo en equipo. Las habilidades que se deben fortalecer son responsabilidad y apoyo. Se concluye que el mercado laboral observa y exige la presencia de habilidades blandas en sus profesionales, siendo este un cambio y una oportunidad frente al entorno para que la academia a través de la articulación del currículo fortalezca las conductas asociadas a cada una de las habilidades."
https://openalex.org/W3024719674,https://doi.org/10.35290/rcui.v7n2.2020.245,Habilidades blandas en la educación y la empresa: Mapeo Sistemático,2020,2020-05-10,article,56,Marcos Antonio Espinoza Mina; Doris Gallegos Barzola,Universidad Ecotec; Mercy Corps,EC; US,Revista Científica UISRAEL,https://doi.org/10.35290/rcui.v7n2.2020.245,True,"La buena actitud, el pensamiento crítico, las habilidades comunicacionales, el manejo del tiempo, entre otras, forman parte de las habilidades blandas, las que se refieren a aspectos no únicamente cognitivos del ser humano; son aptitudes que le permiten interactuar con sus pares dentro del ambiente laboral y desenvolverse en la sociedad. El objetivo de este estudio es proporcionar una revisión de estos aspectos, los cuales son muy necesarias actualmente, tanto a nivel educativo como empresarial. Se realizó un mapeo sistemático donde se extrajeron estudios que permitieron conocer sobre los conceptos dados, si se están implementando estas habilidades en la educación actual y las más requeridas para la inserción laboral. Este ensayo muestra que, aunque se están implementando sistemas, acciones y formas para incluir de manera adecuada el desarrollo y potenciación de las habilidades blandas, las empresas buscan personas dinámicas, con adaptabilidad, empoderamiento y con capacidad de reaccionar favorablemente a las adversidades; todavía no existe evidencia de su medición y no se puede determinar si serán las adecuadas y únicas para los próximos años."
https://openalex.org/W3028420956,https://doi.org/10.33890/innova.v5.n2.2020.1321,Las habilidades blandas como base del buen desempeño del docente universitario,2020,2020-05-07,article,44,Jenny Liliana Rodríguez Siu,Universidad Norbert Wiener,PE,INNOVA Research Journal,https://doi.org/10.33890/innova.v5.n2.2020.1321,True,"El objetivo general de la investigación fue hallar la correlación entre las habilidades blandas y el desempeño docente en la Escuela de Posgrado de la Universidad Norbert Wiener. La metodología utilizada fue el enfoque cuantitativo, tipo no experimental transversal, nivel relacional, método descriptivo correlacional. Los resultados obtenidos comprueban una relación directa y significativa (d=0,601) entre las habilidades blandas y el desempeño docente, pudiéndose generalizar que aquellos docentes que poseen habilidades blandas son aquellos que tienen mejor desempeño laboral. Se determinó que las cinco habilidades blandas evaluadas tienen una correlación con el desempeño docente, sin embargo, las de mayor relación significativa considerable con el desempeño docente son la responsabilidad (d=0,547), la adaptabilidad (d=0,651) y la gestión eficaz de la información (d=0,552); mientras que las habilidades de comunicación (d=0,374) y el desarrollo de los demás (d=0,487) arrojan una correlación positiva media. Las habilidades blandas son las responsables de al menos el 70% del éxito laboral y debido a la fuerte correlación entre ambas variables, resulta imprescindible reformular el proceso de selección docente, así como los programas de inducción- capacitación con miras a incluir las habilidades blandas como indicador de peso en una contratación docente, que garantice una mejora en el desempeño."
https://openalex.org/W2945294867,https://doi.org/10.29057/esa.v6i11.3760,Las habilidades blandas competencias para el nuevo milenio,2019,2019-01-05,article,47,María Edith Gómez Gamero,Universidad Autónoma del Estado de Hidalgo,MX,DIVULGARE Boletín Científico de la Escuela Superior de Actopan,https://doi.org/10.29057/esa.v6i11.3760,True,"Los grandes avances científicos que están presentes en nuestro mundo están modificando tanto la tecnología como la relaciones sociales y humanas, vivimos en un mundo cambiante de forma vertiginosa, en el siglo XIX se han iniciado los grandes cambios que en muchos siglos no se habían experimentado, como ciudadanos actuales no debemos perder de vista que estos cambios generan en las relaciones humanas incluso crisis que deberán resolverse para estar posicionados en un ambiente real de trabajo que permita perdurar como empleado a pesar de estos cambios, pero en este proceso de trasformación solo se beneficiarán como señalas los teóricos del darwinismo tecnológico quiénes sean capaces de innovar y adaptarse, el futuro del empleo se considera que está en trabajos que no existen, en industrias que utilizan tecnología nuevas y que para manejarlas se habrán de rodear de expertos para manejarlas, se señala también que el vivir incluso se realizará en condiciones planetarias que ningún ser humano ha experimentado , (Bauman, 2013) consideraba que nos hemos vuelto indiferentes ante los demás, que se ha ahogado el impulso natural de ayudar al otro y las normas éticas están en crisis total, porque lo que prima ahora es la competencia, también acuño el término de mundo líquido para definir el estado fluido y volátil de la actual sociedad , considerándola sin valores demasiado sólidos, en los que la incertidumbre se privilegia y por la vertiginosa rapidez de los cambios se han debilitado los vínculos humanos, desde esta perspectiva se intenta realizar una análisis de estos cambios que afectan nuestras relaciones humanas y la permanencia en un empleo si no se manejan las competencias blandas que son los atributos o capacidades que permiten a una persona desempeñarse en su trabajo de manera efectiva y que apunta al desarrollo del lado emocional, interpersonal y a la interacción que se realiza con el resto del personal en una empresa en donde la peor consecuencia de esto es el individualismo y la renuncia a un humanismo que para (Bauman, 2013) es necesario retomar."
https://openalex.org/W3035609305,https://doi.org/10.23913/ride.v10i20.678,Las habilidades blandas en estudiantes de ingeniería de tres instituciones públicas de educación superior,2020,2020-06-09,article,41,Claudia Alejandra Hernández Herrera; Juan Carlos Neri Torres,Instituto Politécnico Nacional,MX,RIDE Revista Iberoamericana para la Investigación y el Desarrollo Educativo,https://doi.org/10.23913/ride.v10i20.678,True,"El objetivo del presente artículo fue analizar la percepción que tienen los estudiantes de ingeniería en relación con la adquisición de habilidades blandas obtenidas en el transcurso de sus carreras. La obtención de los datos se realizó por medio de la construcción de un cuestionario con escala tipo Likert. Se utilizó el análisis factorial y las pruebas estadísticas de Kruskal-Wallis y los modelos lineales generalizados. Es un estudio transversal; la muestra fue de 3560 jóvenes de tres universidades públicas: dos ubicadas en la Ciudad de México y una en el País Vasco, España. Como parte de los resultados, los estudiantes de la Escuela de Ingeniería de Bilbao, en el País Vasco, obtuvieron las mayores puntuaciones en relación con las habilidades blandas; le siguieron las universidades mexicanas. Además, se halló que tanto en el Instituto Politécnico Nacional (IPN) como en el Tecnológico Nacional de México (TecNM) se deben reforzar los saberes relacionados con este tipo de habilidades, particularmente en las ingenierías en informática y de tecnologías de la información y comunicación. Por último, los jóvenes del IPN que se encuentran trabajando son los que registraron más puntos en las también llamadas soft skills. Se concluye que las instituciones de educación tienen que trabajar en la implementación de talleres que refuercen las habilidades blandas, así como mantener el acercamiento con el sector empresarial que continúe impulsando las estancias, ya que estas coadyuvan al fortalecimiento de las competencias interpersonales de los estudiantes."
https://openalex.org/W4226077094,https://doi.org/10.25214/27114406.1311,Estudio sobre habilidades blandas en estudiantes universitarios: el caso del TECNM Coatzacoalcos,2022,2022-02-21,article,29,Luis Armando González; Miguel Ángel Clara Zafra; Susana Céspedes Gallegos; Sandra Natalia Ceja Romay; Esteban Pacheco López,Tecnológico Nacional de México; Centro Universitario de Coatzacoalcos; Universidad Veracruzana,MX,IPSA Scientia revista científica multidisciplinaria,https://doi.org/10.25214/27114406.1311,True,"Las habilidades blandas representan un conjunto de capacidades y destrezas asociadas a la inteligencia emocional que permiten una mejor interacción entre las personas, y en el ámbito universitario mejora el rendimiento académico. Los resultados de esta investigación informan sobre habilidades blandas en estudiantes universitarios, el objetivo es comparar el nivel de aplicabilidad de las habilidades blandas de estudiantes del TECNM de Coatzacoalcos respecto del género. El método de la investigación consistió en un estudio de enfoque cuantitativo de alcance descriptivo y de corte transversal, se consideró un muestreo de tipo no probabilístico por conveniencia de 330 estudiantes de nuevo ingreso inscritos en el semestre correspondiente de agosto 2021-enero 2022 de las 13 carreras de ingeniería que se ofertan en la institución, de la cual surgen dos muestras independientes: 110 mujeres y 220 hombres. Se utilizó como técnica de recolección de información la encuesta que fue diseñada y validada con un Alfa de Cronbach de 0.849 y que se adaptó al contexto del estudio. Los resultados indican que en general el nivel de aplicabilidad de las habilidades blanda es alto y la dimensión motivación es la habilidad con mayor aplicabilidad, respecto al género, son las mujeres las que aplican en mayor medida que los hombres dichas habilidades, no obstante, la prueba de hipótesis corrobora que si existen diferencias significativas entre las muestras."
https://openalex.org/W4318261990,https://doi.org/10.18779/csye.v6i2.590,"Habilidades blandas y habilidades duras, clave para la formación profesional integral",2022,2022-12-27,article,22,Máximo Abel Ramírez Chávez; Nelly Narcisa Manjarrez Fuentes,Universidad Técnica Estatal de Quevedo,EC,Ciencia Sociales y Económicas,https://doi.org/10.18779/csye.v6i2.590,True,"La sociedad experimenta cambios constantes que requieren de profesionales con capacidades de adaptación y toma decisiones para la resolución de problemas que se puedan presentar en su entorno, en ese sentido, el propósito del presente artículo es determinar cómo las habilidades blandas y habilidades duras son claves para la formación de profesionales integrales. La elaboración de la investigación se hizo por medio de la revisión documental del material disponible, para identificar cuáles son las habilidades blandas y habilidades duras; y, la importancia que tienen en la formación profesional del individuo, así como para sociedad. El aporte realizado fue proponer las habilidades blandas y habilidades duras como unidad curricular para la formación de profesionales integrales."
https://openalex.org/W2988860916,https://doi.org/10.33264/rpa.201901-07,La importancia de las habilidades blandas para la docencia universitaria en el contexto actual,2019,2019-10-25,article,31,Andrea Naranjo,Universidad Complutense de Madrid; UNESCO; Fundación para la Lucha contra las Enfermedades Neurológicas de la Infancia; Universidad UNIACC; Tecnologie Avanzate (Italy); Rede de Química e Tecnologia; Motiva (Finland); Universidad de Los Andes,ES; FR; AR; CL; IT; PT; FI; BO,Revista Pensamiento Académico,https://doi.org/10.33264/rpa.201901-07,True,"Este ensayo se enmarca dentro de una investigación realizada en la Universidad UNIACC como parte de los fondos concursables año 2018, para docentes en función de la mejora continua de la praxis académica. Mencionada investigación titulada Estudio Exploratorio sobre Percepciones de Estudiantes de Periodismo y Publicidad jornada diurna de UNIACC en relación a las claves del éxito del desempeño docente para el logro de aprendizajes significativos en el aula, tuvo como eje central reconocer las habilidades blandas que los estudiantes de la UNIACC perciben y valoran como fundamentales al momento de evaluarnos de manera positiva en el aula. Utilizando una metodología mixta se logró identificar 19 habilidades blandas que fueron bipartidas en habilidades sociales y de comunicación que nuestro rol óptimo como docente requiere."
https://openalex.org/W4292104172,https://doi.org/10.46498/reduipb.v26i2.1627,Escuela inteligente y el desarrollo de las habilidades blandas,2022,2022-08-16,article,19,Gilberto Aranguren Peraza,Libertador Experimental Pedagogical University,VE,Revista EDUCARE - UPEL-IPB - Segunda Nueva Etapa 2 0,https://doi.org/10.46498/reduipb.v26i2.1627,True,"El objetivo del artículo es analizar el alcance de las habilidades blandas en la consolidación de una escuela inteligente, en el marco de una Investigación Documental y reflexiva. La discusión se orienta mediante un modelo que considera fundamental el uso de las habilidades blandas para el aprendizaje y la formación del estudiantado, sostenidas en cuatro áreas de desarrollo educativo como lo son: la educación de la espiritualidad la educación emocional y la inteligencia emocional, la educación para las relaciones interpersonales y la comunicación y la educación para la construcción de proyectos de vida, aspiraciones y logro de metas. Una conclusión es que la escuela inteligente es el resultado de un sistema capaz de articular, de un modo planificado, sistemático y consolidado, competencias de desarrollo cognitivo y para la vida, mediante la puesta en práctica de habilidades duras (hard skills) y habilidades blandas (soft skills) en sus aulas de clases."
https://openalex.org/W3196302195,https://doi.org/10.26620/uniminuto.inclusion.8.2.2021.2749,Habilidades blandas en el contexto universitario y laboral,2021,2021-07-07,article,19,Jenny Andrea Romero González; Irina Nicole Granados; Sandra Lucía López Clavijo; Glenny María González Ruiz,Corporación Universitaria Minuto de Dios,CO,Inclusión & Desarrollo,https://doi.org/10.26620/uniminuto.inclusion.8.2.2021.2749,True,"Las habilidades blandas han ido tomando gran relevancia en el ámbito académico y laboral, debido a que estas se relacionan con mayores posibilidades de empleabilidad y éxito profesional. El presente artículo es una revisión documental de tipo panorámica sobre dichas habilidades en diferentes contextos, cuyo objetivo es identificar las principales investigaciones y sus abordajes en torno al campo educativo, sobre todo en el contexto universitario, y el laboral. Para ello se revisaron y analizaron treinta estudios sobre el tema, a partir de los cuales se encontraron algunas tendencias, como, por ejemplo, que la mayoría de ellos estaban escritos en idioma inglés; que en los años 2009 y 2012 fue donde más se publicaron documentos sobre el tema; que la metodología más utilizada fue la cuantitativa; que existen diversas denominaciones para este tipo de habilidades, entre otras tendencias. Frente a las posibles limitaciones, se encontró que el abordaje en Latinoamérica sobre estas habilidades ha sido escaso, así como las publicaciones en español; sin embargo, en la última década se ha despertado un fuerte interés por el tema, por ello se espera que aumente el número de investigaciones y publicaciones al respecto. Se concluye que es necesario fortalecer la instrucción en competencia blandas en el contexto universitario, puesto que estas complementan las competencias duras, lo que permite una formación integral de los estudiantes y mayores probabilidades de ingresar y mantenerse en el mundo laboral, dado que son también una necesidad en estos contextos organizacionales."
https://openalex.org/W2788858808,https://doi.org/10.61144/0718-9397.2016.137,Infusión de habilidades blandas en el currículo de la educación superior: Clave para el desarrollo de capital humano avanzado,2017,2017-09-04,article,35,Fernando Vera Millalén,Universidad de Aconcagua,CL,Revista Akadèmeia,https://doi.org/10.61144/0718-9397.2016.137,True,"El campo de la educación superior está bajo presión como nunca antes, ya que necesita preparar a los estudiantes para una participación activa en el mundo del trabajo. Hoy los empleadores buscan profesionales que demuestren habilidades blandas – cualidades personales que los transforman en colaboradores más adaptables, más proactivos, más resilientes y más responsables. El objetivo del presente artículo es abrir el debate en torno a la infusión de habilidades blandas en el currículo de las Instituciones de Educación Superior (IES) y su impacto en la futura inserción laboral de los egresados. Esto dice relación con las demandas del mercado laboral y el énfasis que actualmente se está dando al desarrollo de dichas habilidades socioemocionales. La metodología utilizada consistió en el análisis documental, confrontada con los puntos de vista del autor. El aporte dice relación la necesidad de infundir las habilidades blandas en el currículo e implementar estrategias metodológicas y evaluativas que mejoren las propuestas educativas. Se concluye con una síntesis, intentando explicar las relaciones entre los conceptos clave, con sus implicancias para la educación superior."
https://openalex.org/W4308911572,https://doi.org/10.23913/ride.v13i25.1348,Estrategias para el desarrollo de habilidades blandas a partir del aprendizaje basado en proyectos y gamificación,2022,2022-11-10,article,23,María Elena Zepeda Hurtado; Jésica Alhelí Cortés Ruiz; Édgar Oliver Cardoso Espinosa,Instituto Politécnico Nacional,MX,RIDE Revista Iberoamericana para la Investigación y el Desarrollo Educativo,https://doi.org/10.23913/ride.v13i25.1348,True,"Este trabajo tuvo la intención de profundizar y verificar la eficacia de estrategias didácticas activas puestas en práctica en el aula para sortear algunos de los problemas a los que se enfrentan tanto el maestro como el alumno: la falta de interés, confusión en los contenidos, dificultad para trabajar en equipo y expresarse, comprender y aplicar los conocimientos de manera cotidiana y en diversos contextos. Por tanto, se presenta una propuesta de una práctica educativa que ha combinado dos estrategias didácticas: aprendizaje basado en proyectos (ABP) y la gamificación, ambas para fortalecer el aprendizaje activo. El objetivo de este estudio fue evaluar las habilidades blandas logradas en un grupo de 50 alumnos durante el semestre de agosto-diciembre de 2021, periodo de confinamiento, en el que se implementó de manera virtual la gamificación y el ABP en la unidad de aprendizaje de Expresión Oral y Escrita I del nivel medio superior del Instituto Politécnico Nacional (IPN). La metodología está basada en el enfoque cuantitativo con un alcance descriptivo. La información se recopiló mediante un cuestionario, el cual fue organizado bajo una escala de Likert. Los resultados muestran que el empleo de estrategias activas y su combinación promueven el desarrollo de habilidades blandas, principalmente las interpersonales, de autocontrol y afrontamiento; en tanto las que representan un área de oportunidad son aquellas relacionadas con la toma de decisiones, pensamiento crítico y las comunicativas. Asimismo, los resultados indican que se desarrollaron equilibradamente los conocimientos, valores y actitudes y se logró que relacionen los aprendizajes en múltiples espacios, al igual que el aprendizaje autónomo."
https://openalex.org/W3023374648,https://doi.org/10.18041/2619-4244/dl.26.6193,Identificación de habilidades blandas en directivos Pymes de Barranquilla,2020,2020-03-01,article,12,Leandro Miguel Pérez Gómez; Claudia Patricia Villa Borrero; María José Montenegro Pertúz,Universidad Autónoma del Caribe,CO,Dictamen Libre,https://doi.org/10.18041/2619-4244/dl.26.6193,True,"El presente artículo permite analizar y comparar teorías y categorías de habilidades blandas y su desarrollo en los escenarios laborales, que facilite a los directivos de las Pymes de Barranquilla proponer las habilidades blandas más significativas en el sector empresarial. Este estudio establecido bajo un enfoque cualitativo, evidenció el análisis de las diferentes teorías generadas alrededor del tema, una secuencia que conllevan a analizar y categorizarlas teniendo en cuenta la investigación en fuentes secundarias y con un diseño de investigación transversal. Los resultados obtenidos proponen la clasificación de habilidades en cinco categorías: pensamiento complejo, técnicas requeridas para el cargo, personales, de relacionamiento grupal-social y para la dirección de grupo o equipo de trabajo. Esta investigación permite concluir que las habilidades blandas o socioemocionales tienen una relación directamente proporcional con la gestión gerencial; su aprendizaje se debe impartir desde la educación básica primaria, potencializando lo trabajado en los currículos universitarios."
https://openalex.org/W3118131363,https://doi.org/10.35383/educare.v8i2.470,Énfasis en la formación de habilidades blandas en mejora de los aprendizajes,2020,2020-12-30,article,16,Silvia Josefina Aguinaga Vásquez; Segundo Juan Sánchez Tarrillo,Consolidated Precision Products (Poland),PL,EDUCARE ET COMUNICARE Revista de investigación de la Facultad de Humanidades,https://doi.org/10.35383/educare.v8i2.470,True,"El escenario actual presenta vertiginosos cambios, que desde luego invita a no perder de vista a la escuela y particularmente a la institución mater como la universidad, con el fin de observar en principio, si éstas conjuntamente están formando o no las habilidades y competencias para desempeñarse en una sociedad tan desemejante como la nuestra. En este mismo escenario, existe una ardua tarea de investigadores y publicaciones que inciden y le ponen énfasis al desarrollo de habilidades blandas. Frente a ello, el objetivo del presente artículo de revisión es evaluar la calidad teórica y metodológica de las publicaciones a través del estudio selectivo y crítico de lo que los autores argumentan sobre formación de habilidades blandas, llamadas también habilidades socioemocionales, en mejora de los aprendizajes, a partir del análisis de las fuentes primarias, secundarias y terciarias como artículos, informes, programas y libros. Metodológicamente por su naturaleza es una investigación de revisión descriptiva correlacional y se centra particularmente, en la revisión de artículos científicos originales, tesis e informes, recurriendo al método deductivo e inductivo, empleando el análisis y meta-análisis. La revisión se realizó considerando el criterio de selección, el criterio de inclusión y exclusión, el criterio temporal y el de búsqueda de información objetiva en revistas indexadas. Finalmente, se concluye que las diversas publicaciones sobre habilidades blandas, desde el nivel cualitativo, cuantitativo y mixto presentan un profundo análisis de las variables de estudio tanto en teoría como en la metodología, evidenciándose el uso de técnicas e instrumentos en cada una de las investigaciones y cuyos resultados determinan que el desarrollo de habilidades blandas contribuye de modo significativo en el aprendizaje."
https://openalex.org/W3168712027,https://doi.org/10.4067/s0718-50062021000300065,Relación entre la formación disciplinar y el ciclo profesional en el desarrollo de las habilidades blandas,2021,2021-06-01,article,17,Luis Miguel Medrano Moreno; Yudy Quintero-Pulgar,Corporación Universitaria Minuto de Dios,CO,Formación universitaria,https://doi.org/10.4067/s0718-50062021000300065,True,"Resumen: Los objetivos de esta investigación son comparar el desarrollo de habilidades blandas en diferentes momentos del proceso formativo e identificar la relación entre la etapa de formación y la adquisición de habilidades en estudiantes de tres programas universitarios. La formación de habilidades blandas es relevante en escenarios académicos y laborales. Se utilizó un diseño descriptivo-correlacional de corte transversal; la muestra estuvo conformada por 116 estudiantes. Para determinar las habilidades blandas se aplicó la prueba CompeTEA y un ejercicio de observación. Los resultados indican que no existen diferencias estadísticamente significativas en habilidades blandas en relación con el ciclo profesional y la formación disciplinar. Se concluye que es necesario realizar un análisis crítico al interior de las instituciones educativas, que favorezca la armonización curricular o el diseño de programas de fortalecimiento y desarrollo de habilidades blandas, que en últimas da cuenta de la necesidad de una reforma al sistema educativo para una formación integral."
https://openalex.org/W3191457457,https://doi.org/10.52248/eb.vol1iss02.27,Las Habilidades Blandas Factor Clave Para El Desempeño De Los Ingenieros,2021,2021-07-28,article,12,Rubén Gómez Sánchez Soto,National University of Engineering,PE,Revista Científica BIOTECH AND ENGINEERING,https://doi.org/10.52248/eb.vol1iss02.27,True,"El trabajo analizó los impactos de la no consideración de las habilidades blandas en los programas de formación de los nuevos ingenieros.&#x0D; El diseño de la investigación fue cualitativo y correlacional teniendo como objetivo determinar la correlación de la no consideración de las diferentes habilidades blandas en el desempeño de los ingenieros, en sus diferentes facetas de trabajo.&#x0D; Según James Albert Michener: ""Los científicos sueñan con hacer grandes cosas; los ingenieros simplemente las hacen"" (Tribuno, 2020). La investigación se inició evaluando el rol de la ingeniería en la sociedad.&#x0D; A continuación, se analizó la definición de las habilidades blandas y sus aplicaciones, la necesidad de éstas en la formación de los ingenieros, el rol de éstas en el ejercicio de la gestión de proyectos, y finalmente su función en el desempeño gerencial de los ingenieros. Estas son las diferentes facetas en las cuales los ingenieros desarrollan su ejercicio profesional.&#x0D; Según los resultados alcanzados la ingeniería es responsable de los avances de la sociedad, pero para responder a estos enormes retos se observó el rol de las habilidades blandas en su proceso de formación; ya que, cubriendo satisfactoriamente este reto, se podría responder mejor a los retos de la sociedad."
https://openalex.org/W3177429666,https://doi.org/10.46842/ipn.cien.v23n1a07,El desarrollo de habilidades blandas en la formación de ingenieros,2019,2019-06-01,article,11,María Elena Zepeda-Hurtado; Edgar Oliver Cardoso-Espinosa; Carmen Rey Benguría,Instituto Politécnico Nacional; Universidad de Ciego de Ávila,MX; CU,Científica,https://doi.org/10.46842/ipn.cien.v23n1a07,True,"Este artículo propone estrategias de enseñanza aprendizaje aplicables en el aula que propician la formación de alumnos del área de formación físico matemáticas, en concreto de las ingenierías, no exclusivo de ellas. El estudio de tipo teórico integra el análisis de las megatendencias, de los requerimientos de la industria 4.0 y de la empresa, estos dan origen y relacionan con los perfiles de egreso de nivel superior, el objetivo es conocer si los estudiantes están preparados para responder a los retos del futuro, si poseen las competencias y habilidades blandas que implican el manejo de información, la comunicación y el trabajo en equipo, a la vez habilidades que se relacionan con otras: analizar, sintetizar, expresión oral y escrita, el liderazgo, etc. Una vez que se identifican dentro de los perfiles de egreso de carreras de ingeniería se proponen estrategias didácticas que las promueven: lectura y el aprendizaje basado en problemas."
https://openalex.org/W2979430076,https://doi.org/10.23913/ride.v10i19.530,El aprendizaje orientado en proyectos para el desarrollo de habilidades blandas en el nivel medio superior del IPN,2019,2019-09-24,article,18,María Elena Zepeda Hurtado; Édgar Oliver Cardoso Espinosa; Jésica Alhelí Cortés Ruiz,Instituto Politécnico Nacional,MX,RIDE Revista Iberoamericana para la Investigación y el Desarrollo Educativo,https://doi.org/10.23913/ride.v10i19.530,True,"El objetivo de esta investigación fue desarrollar en estudiantes de nivel medio superior del Instituto Politécnico Nacional (IPN) habilidades blandas mediante la implementación de la metodología del aprendizaje orientado en proyectos. El tipo de estudio que se empleó fue una metodología cuantitativa con un alcance descriptivo. El instrumento que se utilizó para obtener la información fue un cuestionario basado en una escala Likert. La muestra del estudio estuvo constituida por el alumnado inscrito en el Centro de Estudios Científicos y Tecnológicos perteneciente al IPN. La distribución de la muestra con respecto al género fue de 67 % de hombres y 33 % mujeres. Los principales resultados fueron que los participantes reconocieron un desarrollo muy frecuente de sus habilidades blandas en cuatro rubros: interpersonales, toma de decisiones, pensamiento crítico y autocontrol, y habilidades comunicativas."
https://openalex.org/W4367692646,https://doi.org/10.33386/593dp.2023.3.1627,Investigación: Habilidades blandas como complemento para la formación profesional de los estudiantes,2023,2023-05-02,article,10,Mayra Zambrano-Chamba; Gilma Vallejo-Piza; Francisco Tafur-Méndez,Instituto Superior Tecnológico Loja; Universidad Indoamérica,EC,593 Digital Publisher CEIT,https://doi.org/10.33386/593dp.2023.3.1627,True,"El presente artículo, demuestra la importancia de las habilidades blandas en la formación profesional de los estudiantes, así como la necesidad de implementar capacitaciones a los docentes en cuanto a las habilidades blandas, para su implementación dentro y fuera del aula, de esta forma facilitar la adquisición por parte de los estudiantes, mejorando así no solo el clima laboral si no también aspectos importantes como el desarrollo integral de los estudiantes. Es mediante estas habilidades que podrán enfrentarse a la competencia laboral, pues son altamente demandadas por los empleadores, debido a que facilitan la resolución de problemas, el trabajo en equipo, la ética laboral, entre otros aspectos, además que, en el futuro, mediante estas habilidades adquiridas, podrán brindar significativos aportes a nivel social, así como económicos y de productividad dentro de sus puestos de trabajos."
https://openalex.org/W3183285516,https://doi.org/10.21855/librosecotec.4,El desarrollo de habilidades blandas desde edades tempranas,2017,2017-07-26,book,8,Carlos Ernesto Ortega Santos,,,,https://doi.org/10.21855/librosecotec.4,True,"El texto que ahora pongo a disposición de los lectores constituye una síntesis del trabajo de investigación desarrollado, durante más de tres años de análisis documental, aplicación de encuestas, realización de experimentos y desarrollo de entrevistas a Docentes experimentados para lograr la elaboración de una estrategia favorecedora del desarrollo de habilidades blandas desde edades tempranas. Durante las páginas del texto se aborda el tratamiento al aprendizaje informal, dentro y fuera del aula, y la influencia de la familia; así como del entorno, durante el proceso formativo, lo cual se analiza teniendo en cuenta el impacto de las tecnologías de la información y las comunicaciones en el aprendizaje. La estrategia fue defendida con éxito ante el tribunal de Ciencias de la Educación de la Universidad de La Habana, Cuba, en diciembre de 2016."
https://openalex.org/W4206653094,https://doi.org/10.19083/rgm.v6i1.1488,Habilidades blandas y el impacto de la covid-19 en la educación superior,2021,2021-07-12,article,10,Lida Vásquez-Pajuelo; Doris Alicia Vila-Gómez; Jazmín Alicia Tuesta-Vila,Peruvian University of Applied Sciences; Universidad San Ignacio de Loyola; Private University of the North,PE,Review of Global Management,https://doi.org/10.19083/rgm.v6i1.1488,True,"El presente artículo de investigación busca conocer cómo fomentar el desarrollo de las habilidades blandas para afrontar con éxito los impactos en la educación superior del periodo post pandemia. El estudio se basa en la revisión exhaustiva de los trabajos actuales que se tienen a dispo- sición sobre el conocimiento de las habilidades blandas y la promoción de su desarrollo en el estudiante. Esto permitirá perfeccionar sus habilidades blandas y ser consciente de sus propias cualidades socioemocionales. De esta manera, en el futuro podrán ser parte de una generación de profesionales capaces de tener un desenvolvimiento emocional armonioso, que incluya momentos de alta presión laboral. La educación superior debe promover entre la comunidad educativa que la conforma, en especial entre los estudiantes, las distintas alternativas de expansión de las habilidades blandas, con los consiguientes impactos positivos en su futuro mundo laboral. Entendiendo estas como habilidades que potencian la interacción de uno con el otro, fortaleciendo el trato, y mejorando las relaciones y el control emocional en el ambiente laboral, profesional y personal."
https://openalex.org/W3214812674,https://doi.org/10.37811/cl_rcm.v5i6.1129,Las habilidades blandas y su influencia en la construcción del aprendizaje significativo,2021,2021-11-01,article,13,MBA Lorena López López; Msc Carla Lozano,,,Ciencia Latina Revista Científica Multidisciplinar,https://doi.org/10.37811/cl_rcm.v5i6.1129,True,"Este artículo propone un análisis profundo sobre el aspecto socio emocional de los seres humanos en el cual las habilidades tanto blandas (soft skills) y duras (hard skills) propician un desarrollo integral del estudiante. El objetivo es determinar si el proceso de enseñanza-aprendizaje se realiza de forma idónea y si el dicente está listo para poner en práctica el conocimiento transmitido a través de la demostración del progreso de las competencias al momento de analizar, sintentizar, comunicar y relacionarse en el grupo o con las demás personas."
https://openalex.org/W3081802023,https://doi.org/10.22430/21457778.1614,Habilidades blandas: elementos para una visión holística en la formación de profesionales en informática,2020,2020-07-15,article,12,Eduardo Araya-Fernández; Gabriela Garita-González,Universidad Nacional,CR,trilogía Ciencia Tecnología Sociedad,https://doi.org/10.22430/21457778.1614,True,"Esta investigación analizó el aumento de la importancia de las habilidades blandas en la carrera de Ingeniería de Sistemas de la Universidad Nacional de Costa Rica, que se consideraron relevantes en el proceso de formación académico y en la contratación de nuevos profesionales en la industria de las tecnologías de la información y la comunicación, TIC. Se realizaron 50 entrevistas a líderes del sector. Los resultados de la investigación incluyen un planteamiento holístico para el fortalecimiento de habilidades blandas en programas de formación en TIC, cuyo referente es la contratación laboral. Primero, se identificaron factores que pudieran incidir para robustecer el desarrollo de estas habilidades y se agruparon en ejes operativos propios de la actividad académica. Simultáneamente, como resultado del proceso de investigación, se establecieron directrices para una nueva visión de la formación universitaria de los nuevos profesionales de las TIC, en la que las aptitudes técnicas son un componente clave del proceso de formación, al tiempo que se supone que es necesaria la incorporación y evaluación de las aptitudes generales y su repercusión en la demanda de nuevas competencias en el mercado laboral. Esto último con el objetivo de ajustar, de manera permanente, la formación universitaria a las peticiones modernas y cambiantes de un perfil profesional con las capacidades adecuadas para enfrentar los retos ocupacionales y profesionales en la economía digital."
https://openalex.org/W3160772850,https://doi.org/10.21754/iecos.v21i1.1071,"Habilidades blandas en estudiantes de ingeniería, un estudio comparativo",2020,2020-11-13,article,6,Rodolfo Rojas Gallo,National University of Engineering,PE,Revista IECOS,https://doi.org/10.21754/iecos.v21i1.1071,True,"La presente investigación denominada Habilidades blandas en estudiantes de ingeniería, un estudio comparativo 2020, tuvo como objetivo describir, medir y comparar el nivel de habilidades blandas en estudiantes de ingeniería en dos universidades públicas de Lima, una denominada A y otra denominada B. El estudio fue de tipo cuantitativo, transversal, de diseño no experimental con una muestra de 244 estudiantes entre las dos universidades. Se aplicó un cuestionario de 22 preguntas, validado por Claudet (2018), vía on line. Los resultados fueron: que los estudiantes de la Universidad A y los de la Universidad presentan habilidades blandas en Asertividad en un 55% en nivel aceptable, en Liderazgo 45% nivel bueno y en Conciencia y actualidad un 45% medianamente aceptable. Presentan diferencias no muy notorias en las habilidades en general, y en las dimensiones entre +, - 5 % en. Siendo las de menor desarrollo, dominio del idioma inglés, comunicación fluida y los trabajos con proyectos."
https://openalex.org/W4206412207,https://doi.org/10.52936/p.v3i2.63,Habilidades blandas: su importancia para el desempeño docente,2021,2021-01-01,article,5,Salomón Vásquez Villanueva; Salomón Axel Vásquez Campos; Carlos Alberto Vásquez Villanueva; Lizardo Vásquez Villanueva; Hitlser Juan Castillo Paredes; Jesús Marino Gomez Miguel,Universidad Peruana Unión; Daniel Alcides Carrión National University,PE,Paidagogo,https://doi.org/10.52936/p.v3i2.63,True,"El objetivo de este artículo analizar la importancia de las habilidades blandas, para el desempeño docente; el estudio fue realizado mediante la selección de investigaciones, en la condición de tesis y artículos científicos, cuyas lecturas exhaustivas y procesos de análisis han permitido construir un corpus teórico, el cual comprende: los conceptos diversos, la importancia, las estrategias de desarrollo, las dimensiones. Las diversas fuentes consultadas y analizadas permiten registrar la conclusión teórica de que las habilidades blandas son muy significativas e importantes para el desempeño docente, fortalecen en él el liderazgo, la comunicación asertiva, la práctica de la empatía, la responsabilidad, las interrelaciones, la convivencia saludable de los protagonistas escolares."
https://openalex.org/W3203478515,https://doi.org/10.15765/es.v2i2.2646,IMPORTANCIA DE LAS HABILIDADES BLANDAS PARA LA EMPLEABILIDAD Y SOSTENIBILIDAD DEL PERSONAL EN LAS ORGANIZACIONES,2021,2021-09-30,article,9,María Gloria González-Molina; Brenda Valentina Enciso-Galindo; Luis Felipe Arciniegas-Hurtado; Paula Andrea Tovar-Arévalo; Paula Ivette Bonza-Forero; Lina Paola Yiseth Arévalo-Peña,Politécnico Grancolombiano; Universidad Externado de Colombia,CO,Encuentros con semilleros,https://doi.org/10.15765/es.v2i2.2646,True,"El desarrollo y la implementación de las habilidades blandas está tomando cada vez mayor importancia para las organizaciones y se han convertido en uno de los aspectos indispensables para el crecimiento, el fortalecimiento y el éxito de las empresas, porque actualmente estas han logrado reconocer y comprender el valor que tiene su capital humano. El objetivo del presente artículo es identificar la importancia de las habilidades blandas para la empleabilidad y sostenibilidad del personal en las empresas, y como se alcanza el correcto aprovechamiento de estas habilidades a través del trabajo conjunto realizado en el proceso educativo, el ámbito laboral y la formación personal de cada colaborador. Este artículo se desarrolla por medio de una revisión científica de literatura en las bases de datos como lo son Scopus, Google Académico, Science Direct y Jstor que permitieron identificar la importancia e influencia de las habilidades blandas con respecto a la empleabilidad y la sostenibilidad por medio de estudios o investigaciones, en los cuales se logra evidenciar que tanto empleados como empleadores cada día son más conscientes de la importancia de estas habilidades y como contribuyen a su crecimiento tanto personal como organizacional. Los resultados obtenidos resaltan que las habilidades blandas se han convertido en una herramienta fundamental para los colaboradores y para las empresas porque con ellas se logra formar un personal íntegro que evolucione y se adapte a las necesidades de las organizaciones y el mercado cambiante. Pero es indispensable que las personas, las instituciones educativas y en las organizaciones trabajen conjuntamente en un proceso continuo para lograr un eficaz desarrollo, implementación, aprovechamiento y fortalecimiento de las habilidades blandas del personal y de la organización."
https://openalex.org/W4402825121,https://doi.org/10.33890/innova.v9.n3.2024.2531,Importancia de las habilidades blandas en el contexto laboral: una revisión de la literatura académica,2024,2024-09-10,article,11,Youseline Garavito-Hernández; Adan Ferney Villamizar-Mancilla; Luz Piedad Castañeda-Villamizar,Universitaria de Investigación y Desarrollo,CO,INNOVA Research Journal,https://doi.org/10.33890/innova.v9.n3.2024.2531,True,"Las habilidades blandas son imperativas tanto para el éxito individual en el ámbito laboral como para la eficacia de los procesos empresariales. Las empresas buscan talento humano que no solo posea habilidades técnicas, sino también competencias interpersonales, cognitivas y de gestión emocional. El propósito de esta investigación es entender la importancia de estas habilidades en los entornos organizacionales y abrir nuevas vías de investigación para fortalecer los estudios sobre gestión del talento humano. Se utilizó una metodología de revisión documental de tipo cualitativa-descriptiva. Los hallazgos muestran que la comunicación asertiva tiene una relevancia destacada en el ámbito laboral, por encima del liderazgo y el trabajo en equipo. Como conclusión se enfatiza que esta habilidad no solo mejora el desempeño en actividades diarias, sino que también son fundamentales para que las personas puedan integrarse eficazmente en entornos laborales dinámicos y exigentes. Como futura línea de investigación, se propone validar el nivel de asertividad en estudiantes universitarios para identificar posibles deficiencias en el proceso de comunicación asertiva y desarrollar estrategias para fortalecer la enseñanza de esta habilidad."
https://openalex.org/W4404853326,https://doi.org/10.37843/rted.v17i2.550,Habilidades Blandas como Factor Clave para la Mejora de la Convivencia Escolar,2024,2024-11-29,article,7,Araceli Pinedo-Castro,Universidad César Vallejo,PE,Revista Docentes 2 0,https://doi.org/10.37843/rted.v17i2.550,True,"Las habilidades blandas se conceptualizan como un conjunto de destrezas, que tienen relación con la acción social. Son esenciales para la formación en ciudadanía, porque repercuten en la personalidad, comportamiento, actitudes y emociones del estudiante que tiene influencia en la convivencia escolar. El objetivo de la investigación consistió en describir la relación entre las habilidades blandas de los estudiantes y la mejora de la convivencia en el entorno escolar desde referentes conceptuales e investigativos. La investigación se fundamentó bajo el método sistemático, paradigma hermenéutico, enfoque cualitativo, con diseño narrativo, tipo documental informativa. Se utilizaron veintiocho artículos actuales obtenidos en repositorios de acceso abierto. La información fue procesada bajo un enfoque analítico e interpretativo, los factores identificados con mayor relevancia están enmarcados en las habilidades socioemocionales, las relaciones interpersonales, la conducta positiva, la ética y los valores. Las conclusiones destacan la necesidad de desarrollar las habilidades blandas por cuanto repercutiría en la formación de estudiantes, ciudadanos participativos, tolerantes, empáticos, respetuosos, propositivos; que aporten significativamente al logro de un clima favorable, una convivencia pacífica en la escuela y en los entornos donde se desenvuelvan para el propio y colectivo bienestar integral."
https://openalex.org/W4313024617,https://doi.org/10.19053/01211129.v31.n59.2022.14167,Habilidades blandas para el emprendimiento en Ingeniería,2022,2022-03-31,article,4,Yenny-Carolina Jaimes-Acero; Adriana Granados-Comba; Rafael León,National Training Service; Pedagogical and Technological University of Colombia; University of Pamplona,CO,Revista Facultad de Ingeniería,https://doi.org/10.19053/01211129.v31.n59.2022.14167,True,"El emprendimiento es un vector que ayuda al crecimiento económico de un país, una región, al escalamiento social y la generación de empleo. Sin embargo, no es claro cuáles son las habilidades blandas requeridas para iniciar un emprendimiento en ingeniería. Esta investigación tiene como propósito determinar cuáles son esas habilidades como referencia para mejorar la competitividad en los ingenieros como en los programas de pregrado. Para alcanzar este objetivo, se diseñó y aplicó una encuesta a ingenieros mecánicos egresados de la Universidad de Pamplona. El instrumento con validez y confiabilidad excelente según Alfa de Cronbach, costaba de 4 dimensiones diferentes que valoraban 10 habilidades blandas con 18 indicadores. Las herramientas estadísticas usadas fueron la prueba bilateral de Kolmogórov-Smirnov, mediana, moda, Kruskal-Wallis ANOVA y post hoc de Games-Howell. Se encontró que todas las habilidades blandas investigadas son requeridas en un nivel alto de desarrollo para realizar un emprendimiento en ingeniería. Así mismo, que los ingenieros encuestados demuestran un nivel alto de desarrollo de estas habilidades, de tal forma que la brecha entre aquellas requeridas para realizar un emprendimiento en ingeniería y las desarrolladas, es pequeña, además, se evidencio que la forma más efectiva para incrementar su desarrollo es realizar entrenamientos en áreas administrativas o desarrollo personal. Se encontró también que los ingenieros dedicados a la docencia, o que trabajan en instituciones públicas, tienen menos desarrollado tres de los seis indicadores de emprendimiento. Finalmente se evidenció que la brecha entre las habilidades formadas en el pregrado y las requeridas en el emprendimiento son grandes, y los programas deben incluir en su currículo formaciones vivenciales de habilidades blandas y emprendimiento."
https://openalex.org/W3177785393,https://doi.org/10.26620/uniminuto.inclusion.8.2.2021.113-127,Habilidades blandas en el contexto universitario y laboral,2021,2021-07-07,article,5,Jenny Andrea Romero González; Irina Nicole Granados; Sandra Lucía López Clavijo; Glenny María González Ruiz,Corporación Universitaria Minuto de Dios,CO,Inclusión & Desarrollo,https://doi.org/10.26620/uniminuto.inclusion.8.2.2021.113-127,True,"Las habilidades blandas han ido tomando gran relevancia en el ámbito académico y laboral, debido a que estas se relacionan con mayores posibilidades de empleabilidad y éxito profesional. El presente artículo es una revisión documental de tipo panorámica sobre dichas habilidades en diferentes contextos, cuyo objetivo es identificar las principales investigaciones y sus abordajes en torno al campo educativo, sobre todo en el contexto universitario, y el laboral. Para ello se revisaron y analizaron treinta estudios sobre el tema, a partir de los cuales se encontraron algunas tendencias, como, por ejemplo, que la mayoría de ellos estaban escritos en idioma inglés; que en los años 2009 y 2012 fue donde más se publicaron documentos sobre el tema; que la metodología más utilizada fue la cuantitativa; que existen diversas denominaciones para este tipo de habilidades, entre otras tendencias. Frente a las posibles limitaciones, se encontró que el abordaje en Latinoamérica sobre estas habilidades ha sido escaso, así como las publicaciones en español; sin embargo, en la última década se ha despertado un fuerte interés por el tema, por ello se espera que aumente el número de investigaciones y publicaciones al respecto. Se concluye que es necesario fortalecer la instrucción en competencia blandas en el contexto universitario, puesto que estas complementan las competencias duras, lo que permite una formación integral de los estudiantes y mayores probabilidades de ingresar y mantenerse en el mundo laboral, dado que son también una necesidad en estos contextos organizacionales."
https://openalex.org/W4316091028,https://doi.org/10.37117/s.v21i1.641,Desarrollo de habilidades blandas como estrategia para la colocación laboral de los universitarios.,2022,2022-06-30,article,6,José Guadalupe Sánchez Aquino; Gladys Hernández Romero. Dra,Demos; Endangered Language Fund; Clínica Las Condes; Group for the Analysis of Development,US; CL; PE,Revista Científica Sinapsis,https://doi.org/10.37117/s.v21i1.641,True,"Es necesario que los jóvenes universitarios se adapten con velocidad a los cambios que se presentan en los entornos laborales y las habilidades blandas son uno de los cambios más esenciales en la vida laboral del siglo XIX. El objetivo de este trabajo es realizar una revisión intensiva en español acerca de los conocimientos actuales sobre el dominio de las habilidades blandas en los jóvenes universitarios y su importancia en la búsqueda de empleo. Para la recolección de la información se realizó una revisión de la bibliografía publicada en los últimos 5 años, disponible en buscadores académicos. Como resultado de la revisión se percibe una demanda importante de habilidades blandas en los mercados laborales; a pesar de ello existe un aplazamiento considerable en el dominio de las habilidades blandas por los jóvenes con estudios de nivel superior que buscan empelarse. Como conclusión se plantea la necesidad de acciones que tomen a conveniencia la gran demanda de habilidades blandas como punto de partida para la vinculación al empelo de los jóvenes egresados acortando la brecha en el dominio de estas destrezas de alto valor."
https://openalex.org/W4389250286,https://doi.org/10.6018/edumed.576321,Habilidades Blandas: una respuesta para la mejora de la atención de profesionales de la salud,2023,2023-09-06,article,9,Rafael Vargas; Marisa Zaldívar Acosta,Autonomous University of Yucatán,MX,Revista Española de Educación Médica,https://doi.org/10.6018/edumed.576321,True,"The prevalence of chronic diseases such as diabetes and obesity is increasing in Yucatán, México. One of the main factors is the low adherence rate to treatment, which demands that healthcare professionals be highly trained to face this challenge. The requirements in the training of healthcare personnel, the development of soft skills or interpersonal skills stands out as a key characteristic. These skills are not estimated in formal education but are acquired through experience. However, they can be taught and will enable professionals to provide comprehensive, patient-centered care. Soft skills such as empathy, effective communication and collaborative work will enable healthcare professionals to identify areas of opportunity where they can intervene to improve the patient's health. La prevalencia de enfermedades crónicas no transmisibles como la diabetes y la obesidad está en aumento en Yucatán, México. Uno de los principales factores es el bajo índice de adherencia al tratamiento, el cual exige que los profesionales de la salud estén altamente capacitados para hacer frente a este reto. Una de las exigencias en la formación del personal sanitario, se encuentra como principal característica, el desarrollo de habilidades blandas o soft skills, las cuales no son estimadas en el proceso de enseñanza formal, sino que se dan a través de la experiencia. Sin embargo, son educables y permiten que los profesionales ofrezcan un servicio integral que sea centrado en el trabajo en la atención del paciente y su contexto. Las habilidades blandas como la empatía, la comunicación efectiva y el trabajo colaborativo harán posible que el profesional de salud detecte las áreas de oportunidad en donde se puede intervenir para mejorar la adherencia al tratamiento y que ésta se traduzca en la mejora de la salud del paciente. A prevalência de doenças crônicas como diabetes e obesidade está aumentando em Yucatán, México. Um dos principais fatores é a baixa adesão ao tratamento, o que exige que os profissionais de saúde estejam altamente capacitados para enfrentar esse desafio. As exigências na formação dos profissionais de saúde, o desenvolvimento de soft skills ou habilidades interpessoais destaca-se como uma característica fundamental. Essas habilidades não são estimadas na educação formal, mas são adquiridas através da experiência. No entanto, eles podem ser ensinados e capacitarão os profissionais a fornecer cuidados abrangentes e centrados no paciente. Soft skills como empatia, comunicação eficaz e trabalho colaborativo permitirão aos profissionais de saúde identificar áreas de oportunidade onde podem intervir para melhorar a saúde do paciente."
https://openalex.org/W3043118826,https://doi.org/10.23857/pc.v5i5.1399,"Habilidades blandas, un factor de competitividad en el perfil del servidor público",2020,2020-05-21,article,6,Ana Marcela Cordero-Clavijo; Nancy Johana Córdova-Tobar; María Cristina Moreira-Sarmiento; Jackson Michael Quevedo-Jumbo,Instituto Superior Tecnológico Loja; Tecnológico Sudamericano,EC,Dialnet (Universidad de la Rioja),https://dialnet.unirioja.es/servlet/oaiart?codigo=7506213,False,"Las empresas públicas son entidades creadas con la finalidad de satisfacer necesidades básicas de la población para el consecuente desarrollo social; no obstante, éstas permanentemente están en el ojo crítico de la ciudadanía, su gestión integral deja mucho que desear, en este contexto la actitud (habilidades blandas) del servidor público juega un rol protagónico y quizá es el primero en ser cuestionado. El objetivo del presente artículo es identificar debilidades del perfil del servidor público, específicamente en el manejo de habilidades blandas y su impacto en la satisfacción del usuario. La metodología utilizada partió de un análisis documental confrontado con el estudio de mercado para lo cual se aplicó encuestas a la ciudadanía y test de autoevaluación a los servidores públicos del GAD-Loja. El aporte planteado se condensa en un modelo para el fortalecimiento de habilidades blandas en el servidor público que permita partir de una concienciación colectiva hacia procesos sistemáticos que beneficien a la institución y a la ciudadanía. Se concluye que la propuesta del modelo es pertinente y viable ya que con la implementación de este se pretende establecer sistemas que conduzcan a la consecución de una cultura organizacional fortalecida, saludable, efectiva y eficiente."
https://openalex.org/W4319780319,https://doi.org/10.19136/etie.a5n10.5078,Habilidades blandas y la web 2.0 en la educación secundaria,2023,2023-01-01,article,7,María Guadalupe Veytia Bucheli; Saraí Cárdenas Mata,Universidad Autónoma del Estado de Hidalgo,MX,Emerging Trends in Education,https://doi.org/10.19136/etie.a5n10.5078,True,"The globalization of society combines technical aspects that come from technology with different skills for the development of an integral education for life, so it is important that the teaching-learning process is oriented not only to the development of hard or technical skills but also of soft skills. The methodology used consisted of a bibliographic review, documents that allowed the discussion to raise the importance of the development of skills from an early age. The contribution is considered from the need to implement strategies to enhance soft skills from web 2. 0, because it is an issue that influences the academic field in a globalized world that will have an impact on the different areas of life for which they must be prepared and provide solutions to the challenges that the XXI century society poses either in the educational, family, social and/or labor area, thus the objective of the work is to know the importance of soft skills from basic education at the secondary level, in the teaching-learning through Web 2.0 tools. Keywords: Soft skills; hard skills; teens; Web 2.0 tools; technology."
https://openalex.org/W4309978337,https://doi.org/10.56712/latam.v3i2.178,Habilidades blandas en la investigación formativa del estudiante universitario,2022,2022-11-26,article,4,Miguel Enrique Valle Vargas; Israel Fernando Ramón Salcedo; María Angélica Idrobo Gutiérrez; Cecilia del Carmen Costa Samaniego,Universidad Nacional de Loja,EC,LATAM Revista Latinoamericana de Ciencias Sociales y Humanidades,https://doi.org/10.56712/latam.v3i2.178,True,"El éxito en la formación profesional y futuro laboral del estudiante universitario no radica eminentemente en la adquisición de conocimientos curriculares, éstos representan un elemento más en la estructura cognitiva, actualmente son necesarias habilidades que le permitan responder acertadamente los desafíos de la sociedad globalizada, aquellas son las denominadas habilidades blandas (soft skills), cuyo propósito ha orientado este trabajo investigativo para establecer la relación que existe entre las habilidades blandas y el proceso de la investigación formativa. Por ello, se realizó una investigación con enfoque cuantitativo de tipo no experimental transversal, utilizando el método descriptivo correlacional, con base en un muestreo no probabilístico por conveniencia, en el que participaron estudiantes de la carrera de Educación Básica de la Universidad Nacional de Loja. Los resultados obtenidos demuestran una relación directa entre las habilidades blandas y la investigación formativa, que se evidencian en las competencias adquiridas y el desempeño estudiantil, pudiéndose generalizar que aquellos estudiantes que poseen habilidades blandas idóneas son los que mejor destacan en su desempeño durante el proceso de la investigación formativa. Se determina que las habilidades blandas que sobresalen son el liderazgo, trabajo en equipo y resolución de problemas consideradas relevantes en los diferentes campos de formación y desempeño estudiantil como profesional; mientras que la comunicación eficaz y de ética destacan en un nivel promedio. Las habilidades blandas se perciben como un componente esencial en la formación profesional, siendo necesario implementar programas y estrategias de enseñanza-aprendizaje que permitan potenciarlas y desarrollarlas garantizando el futuro profesional del estudiante universitario."
https://openalex.org/W2993612705,,ART Habilidades blandas en el estudiantado universitario y la empleabilidad en Costa Rica,2019,2019-12-01,article,6,Héctor de,Universidad Técnica Nacional,,DOAJ (DOAJ: Directory of Open Access Journals),https://doaj.org/article/e61f50a24c43409db625517b7b1d1408,True,"El presente artículo analiza cuáles deberían ser las habilidades blandas que los estudiantes universitarios necesitan tener a la hora de conseguir un empleo y las que requieren las empresas para su desarrollo, tomando en cuenta el entorno que cambia vertiginosamente por la globalización y los avances tecnológicos. El presente artículo analiza cuáles deberían ser las habilidades blandas que los estudiantes universitarios necesitan tener a la hora de conseguir un empleo y las que requieren las empresas para su desarrollo, tomando en cuenta el entorno que cambia vertiginosamente por la globalización y los avances tecnológicos. Se identificó que las principales habilidades blandas que demandan las empresas incluyen trabajo colaborativo, comunicación, liderazgo, creatividad, habilidad hacia el aprendizaje, habilidad para la toma de decisiones, adaptabilidad y la habilidad para el manejo de las emociones. Al evaluar, en universitarios demandantes de empleo, destacan debilidades en comunicación, manejo de emociones y creatividad. Al mismo tiempo, cabe destacar, que los estudiantes tienen una percepción positiva sobre el aporte de la educación superior para el desarrollo de sus habilidades.aporte de la educación superior para el desarrollo de sus habilidades. Es por esto, que las universidades deben considerar y evaluar técnicas alternativas que promuevan, en mayor medida, estas habilidades, así como, las organizaciones también deben desarrollar procesos que faciliten su aplicación y la gestión del conocimiento, buscando el desarrollo integral, mejora continua e innovación en la empresa."
https://openalex.org/W4405875383,https://doi.org/10.23913/ride.v15i29.2216,Habilidades blandas en liderazgo directivo: Una revisión sistemática,2024,2024-12-28,article,3,F. Rodríguez,Universidad César Vallejo,PE,RIDE Revista Iberoamericana para la Investigación y el Desarrollo Educativo,https://doi.org/10.23913/ride.v15i29.2216,True,"El presente estudio de revisión sistemática tuvo como finalidad investigar publicaciones relacionadas con las habilidades blandas y su influencia en el liderazgo directivo. Su objetivo principal fue descubrir cómo se vinculan estas variables. Según estadísticas sobre liderazgo directivo y su efecto en el desarrollo educacional, es necesario identificar los problemas asociados, como insuficiencias del sistema educativo, falta de incentivos para un liderazgo efectivo o la tendencia a descuidar las habilidades blandas al priorizar el logro de metas sobre el aspecto emocional. El estudio se diseñó bajo un enfoque cualitativo, con el propósito de evaluar publicaciones electrónicas y tesis sobre las habilidades blandas y su relación con el liderazgo directivo. Se buscó sintetizar esta información y contextualizarla para facilitar la toma de decisiones. Se buscaron e indexaron artículos de diversas publicaciones periódicas y repositorios, utilizando operadores booleanos como AND, OR y NOT. También se utilizaron bases teóricas de diversos autores para sustentar la revisión bibliográfica. En la recopilación de información se utilizaron palabras claves como habilidades blandas, liderazgo, relación, educativo. Se concluye, con base en los artículos y tesis revisados, que existe una relación estrecha entre las habilidades blandas y el liderazgo directivo."
https://openalex.org/W4366674805,https://doi.org/10.51528/rp.vol10.id2367,Factores que influyen en el desarrollo de habilidades blandas en la formación inicial de profesores,2023,2023-04-17,article,6,Gladis Ivette Chan; Marisa del Socorro Zaldívar Acosta,Autonomous University of Yucatán,MX,Revista Publicando,https://doi.org/10.51528/rp.vol10.id2367,True,"Las habilidades blandas son un constructo que complementa a las habilidades duras y su desarrollo favorece un desempeño exitoso. El objetivo de este estudio es analizar los factores que influyen en el desarrollo de habilidades blandas de los profesores en formación inicial de una Universidad pública en el sureste de México. La investigación se realizó desde el paradigma cualitativo, empleando el método de estudio de casos de tipo intrínseco. Los datos se analizaron a partir de la técnica de análisis de contenido y se establecieron dos categorías: factores internos y factores externos que influyen en el desarrollo de habilidades blandas. Los resultados mostraron que los profesores refirieron entre los factores internos los valores, la actitud positiva, la gestión de las emociones y el uso del lenguaje positivo; y que el logro de un autoconocimiento profundo les permite tomar conciencia de sus potencialidades, a partir de las cuáles logran desarrollar habilidades blandas de comunicación asertiva, resolución de problemas, entre otras. Mientras que en relación con los factores externos señalaron la influencia de la familia y de los amigos, así como la importancia de promover un clima escolar positivo y emplear estrategias de enseñanza y de aprendizaje pertinentes en el proceso de formación para el logro de las habilidades. Se concluye que los factores identificados, apoyan el crecimiento personal al tiempo que coadyuvan al desarrollo de habilidades blandas útiles en los diferentes ámbitos en los que una persona se desenvuelve."
https://openalex.org/W4313327159,https://doi.org/10.37467/revtechno.v11.4468,Desarrollo de habilidades blandas e intención emprendedora en los estudiantes universitarios,2022,2022-12-29,article,7,María Dolores Aledo Ruiz,Universidad Católica de Murcia,ES,TECHNO REVIEW International Technology Science and Society Review /Revista Internacional de Tecnología Ciencia y Sociedad,https://doi.org/10.37467/revtechno.v11.4468,True,"Entrepreneurial education has experienced a significant boom in recent years, and it is essential that universities promote an entrepreneurial culture to optimize the employability of their students. This paper aims to study the impact of entrepreneurial education on soft skills and the entrepreneurial attitude of two groups of students: control group (Social Sciences area) and experimental group (Health Sciences area), developing business plans. The results show that this experience contributes to arouse the entrepreneurial intention of the students and helps them acquire soft skills to improve their talent."
https://openalex.org/W4313163416,https://doi.org/10.29105/vtga8.4-301,Habilidades blandas entre hombres y mujeres en la industria 4.0,2022,2022-07-29,article,4,Ruth Isela Martínez-Valdez; Gloria Pedroza Cantú; Elí Samuel González-Trejo,Universidad Autónoma de Nuevo León,MX,Vinculatégica EFAN,https://doi.org/10.29105/vtga8.4-301,True,"En la actualidad las organizaciones están inmersas en un entorno digitalizado en el cual se están implementando herramientas de la Industria 4.0 que no solo requiere habilidades en el uso de estas herramientas, además se necesita desarrollar las llamadas habilidades blandas. El objetivo de esta investigación es determinar si hay diferencia entre las habilidades blandas desarrolladas entre hombres y mujeres estudiantes de ingeniería de una reconocida universidad del noreste de México en el marco de la industria 4. La presente investigación está desarrollada bajo un enfoque cuantitativo, no experimental y transversal, se elaboró un instrumento de medición el cual se aplico a una muestra no probabilística de 303 estudiantes hombres y mujeres que estudian en una reconocida universidad del Noreste de México y que se encontraban trabajando en el momento en que se aplico la encuesta. Los resultados obtenidos nos muestran que no existe una diferencia entre hombres y mujeres en el desarrollo de las habilidades blandas"
https://openalex.org/W4387544002,https://doi.org/10.15381/rpiiedu.v3i2.25377,Las habilidades blandas y su práctica en docentes,2023,2023-07-25,article,3,Jorge Roberto Chinchay Huarcaya; Alicia Bartolomé Huamán; Elizabeth Dávila,Universidad César Vallejo; National University of Education Enrique Guzmán y Valle,PE,Revista peruana de investigación e innovación educativa,https://doi.org/10.15381/rpiiedu.v3i2.25377,True,"El presente artículo de revisión pretende indagar e interpretar cuestiones teóricas, metodológicas y prácticas respecto a las habilidades blandas (soft skills) en el espacio docente. Las posibilidades de que el desarrollo de habilidades tales como la buena comunicación y el trato cordial hacia los otros, puede llevar a pensar que el proceso educativo podría fluir de manera positiva en favor de los aprendizajes. Los trabajos colaborativos que se puedan generar en las aulas podrían ser medios que ayuden a la puesta en práctica de las habilidades socioemocionales o llamadas también habilidades para la vida. En las diferentes propuestas curriculares se menciona a la educación integral como un eje, esa integralidad podría concretarse a partir de la generación de conocimientos y también, tomando como principio, el saber ser."
https://openalex.org/W3096115759,https://doi.org/10.26423/rcpi.v8i1.344,Las habilidades blandas y el teatro,2020,2020-06-30,article,2,Nalda Guadalupe Damián Núñez; Edgar Froilán Damián Núñez,National University of San Marcos,PE,REVISTA CIENCIAS PEDAGÓGICAS E INNOVACIÓN,https://doi.org/10.26423/rcpi.v8i1.344,True,"Este artículo es el resumen de una investigación que tiene como propósito establecer si existe relación entre las habilidades blandas y el teatro en los estudiantes del II ciclo de la Escuela Profesional de Derecho de la Universidad Privada del Norte en la sede de Los Olivos en el año 2018. El enfoque de la investigación es cuantitativo, el tipo de investigación es experimental, el diseño es preexperimental con pretest y postest. El estudio se enmarca en los estudiantes del II ciclo de la Escuela Profesional de Derecho de la Universidad Privada del Norte en la sede de Los Olivos. Como instrumento, se utilizó encuestas para recoger la información de la variable habilidades blandas. En cuanto a la confiabilidad, se aseguró por medio del coeficiente Alfa de Cronbach en el pretest y el postest, lo cual indica un alto nivel de confiabilidad para el instrumento de recolección de datos. Los resultados permiten afirmar que existe relación entre las variables habilidades blandas por medio del teatro en los estudiantes del II ciclo de la Escuela Profesional de Derecho de la Universidad Privada del Norte en la sede de Los Olivos en el año 2018. Entre las conclusiones más importantes se puede señalar que existe relación directa y significativa entre el las habilidades blandas y el teatro en los estudiantes del II ciclo de la Escuela Profesional de Derecho de la Universidad Privada del Norte en la sede de Los Olivos en el año 2018."
https://openalex.org/W4387770162,https://doi.org/10.48075/rtm.v17i29.31341,Compilación sobre habilidades blandas en las empresas,2023,2023-10-19,article,2,Cynthia Gabriela Velazquez Falcon,Universidad Nacional del Este,PY,Temas & Matizes,http://dx.doi.org/10.48075/rtm.v17i29.31341,True,"RESUMEN: Varias investigaciones realizadas por organismos y consultoras internacionales han destacado la importancia de las habilidades blandas para un eficiente y eficaz desempeño de los colaboradores y por ende el de las empresas. Razón por la cual el presente dossier se objetiva describir a las habilidades blandas en las empresas, organizándose el marco teórico en cuatro secciones, correspondiendo a la primera parte el esbozo de conceptos de las habilidades blandas y la diferencia con las habilidades duras, en la segunda sección se presenta a las habilidades blandas más requeridas a nivel Mundial, Latinoamérica y Paraguay, en la tercera sección se muestra un comparativo de habilidades más requeridas entre las tres delimitaciones geográficas y por último se exponen las distintas investigaciones que tratan sobre la relevancia de las habilidades blandas dentro del ámbito laboral. Siendo el diseño aplicado del tipo no experimental y descriptivo, con un enfoque cualitativo. Se infiere que, poseer las habilidades blandas bien desarrolladas en forma conjunta con las habilidades duras, proporcionan mayor probabilidad de éxito a los trabajadores como el de las empresas también"
https://openalex.org/W4389222628,https://doi.org/10.37135/chk.002.21.13,IMPORTANCIA DE LAS HABILIDADES BLANDAS EN EL PROYECTO DE VIDA DE LOS ESTUDIANTES DE EDUCACIÓN BÁSICA MEDIA,2023,2023-05-04,article,6,Manuel Joaquín Machado Sotomayor; Lilia Eulalia Rivera Balseca,Universidad Nacional de Chimborazo; Escuela Superior Politécnica del Chimborazo,EC,CHAKIÑAN REVISTA DE CIENCIAS SOCIALES Y HUMANIDADES,https://doi.org/10.37135/chk.002.21.13,True,"Las habilidades blandas se definen como un conjunto de destrezas de carácter emocional relacionadas con la actividad social. En estudiantes de educación media resulta fundamental la práctica y fortalecimiento de estas destrezas para la consecución de su proyecto de vida. El objetivo de esta investigación es analizar descriptivamente el criterio de los estudiantes de educación básica media de la Unidad Educativa Sicalpa sobre su proyecto de vida y qué habilidades blandas poseen para conseguirlo. La investigación fue ejecutada con una metodología descriptiva de corte transversal y cuantitativa, donde se usó la encuesta como instrumento de recogida de datos, aplicada a una población de 69 estudiantes, cuyos resultados muestran la predisposición de contar con un proyecto de vida, así como las cualidades para alcanzar dicho objetivo. Se concluye que los estudiantes poseen una comunicación y visión sobre su futuro con su círculo más cercano. Además, las habilidades blandas y el proceso educativo fungen como base fundamental para alcanzar su proyecto de vida."
https://openalex.org/W4205524255,https://doi.org/10.5377/aiunicaes.v10i1.12490,Formación de habilidades blandas en los estudiantes de la Universidad Católica de El Salvador,2021,2021-10-02,article,4,Iris Yamileth Jiménez,Universidad Católica de El Salvador,SV,Anuario de Investigación Universidad Católica de El Salvador,https://doi.org/10.5377/aiunicaes.v10i1.12490,True,"Esta investigación tuvo como propósito principal clasificar las habilidades blandas de los estudiantes de la Universidad Católica de El Salvador. Se atendieron a tres categorías las habilidades blandas que el siglo XXI exige al profesional, se identificó los tipos de habilidades blandas que los alumnos poseen actualmente; y los tipos de habilidades blandas que se forman en los alumnos dentro del proceso de enseñanza aprendizaje. El estudio se realizó a través de una investigación cualitativa y para la recolección de datos se aplicó la técnica de la encuesta a 343 estudiantes de primer y quinto año de las cuatro facultades, la entrevista a 24 docentes de materias humanísticas, materias comunes y de especialidad; y la observación dentro del salón de clases de los mismos docentes que participaron en la investigación. Se encontró que las habilidades blandas que los estudiantes poseen son trabajo en equipo, comunicación, perseverancia, resolución de problemas y orientación al servicio. Mientras que los docentes manifestaron que las habilidades blandas que desarrollan en clases son la comunicación, empatía, puntualidad, solidaridad, respeto, amabilidad, trabajo en equipo y responsabilidad."
https://openalex.org/W3210632870,https://doi.org/10.38147/invneg.v14i24.147,NEUROCOACHING UNA ESTRATEGIA PARA EL DESARROLLO DE LAS HABILIDADES BLANDAS,2021,2021-10-29,article,3,Hector Bladimir Serrano Mantilla; Gonzalo Lenin Serrano Mantilla,Ecogenomics (Japan); Universidad Andina Simón Bolívar; Hoseo University,JP; BO; KR,Investigación & Negocios,https://doi.org/10.38147/invneg.v14i24.147,True,"El presente documento pretende proporcionar un acercamiento conceptual y una reflexión sobre el concepto de neurocoaching haciendo énfasis y referencia en los dos principales campos de conocimiento que forman parte de ella y que permiten el desarrollo de las habilidades blandas. Metodológicamente se tipificó como documental, bajo un diseño bibliográfico puro, haciendo uso de las diferentes teorí­as de autores a nivel mundial y de revistas especializadas, con lo cual se estructuró la información para su análisis. En la revisión se pudo demostrar que el neurocoaching pretende generar una transformación en la persona, permitiendo potenciar las habilidades blandas que mejoran las interacciones y el desempeño laboral.Palabras clave: neurocoaching, habilidades blandas, interacciones, desempeño laboral AbstractThis document aims to provide a conceptual approach and a reflection on the concept of neurocoaching, emphasizing and referring to the two main fields of knowledge that are part of it and that allow the development of soft skills. Methodologically, it was typified as documentary, under a pure bibliographic design, making use of the different theories of authors worldwide and specialized magazines, with which the information was structured for analysis. In the review it was possible to show that neurocoaching aims to generate a transformation in the person, allowing to enhance soft skills that improve interactions and work performance.Key words: neurocoaching, soft skills, interactions, job performance"
