openalex_id,doi,title,publication_year,publication_date,type,cited_by_count,authors,institutions,countries,source,landing_page_url,is_open_access,abstract,keywords
https://openalex.org/W7147672075,https://doi.org/10.5281/zenodo.19360522,Acelerando Astropartículas,2026,2026-03-28,book,0,Mariana Gomes Pacheco de Sá; Farinaldo da Silva Queiroz; Silvia Lucía Correa Angel,FZU ‒ Institute of Physics of the Academy of Sciences of the Czech Republic; Universidade Federal do Rio Grande do Norte,CZ; BR,Zenodo (CERN European Organization for Nuclear Research),https://doi.org/10.5281/zenodo.19360522,True,"Bem-vindo(a) a este e-book.Este trabalho é fruto do Programa de Formação em Física de Partículas e Astropartículas da Universidade Federal do Rio Grande do Norte (UFRN), estando vinculado ao Projeto de Extensão CR186-2025.Com o objetivo de compartilhar conhecimento de forma acessível a estudantes do ensino médio e da graduação, este material foi elaborado como parte de uma Iniciação Científica no formato EAD, sendo escrito por Mariana Sá e editado por Lucia Angel.Ao longo das próximas páginas, você terá a oportunidade de explorar conceitos fundamentais da física moderna e construir um repertório sólido sobre temas fascinantes, como a Física de Partículas e a Física de Aceleradores.Espero que este e-book lhe sirva como um guia valioso e que inspire em você a mesma curiosidade e paixão pela ciência que impulsionaram a sua criação.",Astropartículas; Física; Partículas; Física Partículas; Acelerando; Book; Forma; Acelerando Astropartículas; Astropartículas Vindo; Vindo Book; Book Trabalho; Trabalho Fruto
https://openalex.org/W7147332949,https://doi.org/10.5281/zenodo.19360523,Acelerando Astropartículas,2026,2026-03-28,book,0,Mariana Gomes Pacheco de Sá; Farinaldo da Silva Queiroz; Silvia Lucía Correa Angel,FZU ‒ Institute of Physics of the Academy of Sciences of the Czech Republic; Universidade Federal do Rio Grande do Norte,CZ; BR,Zenodo (CERN European Organization for Nuclear Research),https://doi.org/10.5281/zenodo.19360523,True,"Bem-vindo(a) a este e-book.Este trabalho é fruto do Programa de Formação em Física de Partículas e Astropartículas da Universidade Federal do Rio Grande do Norte (UFRN), estando vinculado ao Projeto de Extensão CR186-2025.Com o objetivo de compartilhar conhecimento de forma acessível a estudantes do ensino médio e da graduação, este material foi elaborado como parte de uma Iniciação Científica no formato EAD, sendo escrito por Mariana Sá e editado por Lucia Angel.Ao longo das próximas páginas, você terá a oportunidade de explorar conceitos fundamentais da física moderna e construir um repertório sólido sobre temas fascinantes, como a Física de Partículas e a Física de Aceleradores.Espero que este e-book lhe sirva como um guia valioso e que inspire em você a mesma curiosidade e paixão pela ciência que impulsionaram a sua criação.",Astropartículas; Física; Partículas; Física Partículas; Acelerando; Book; Forma; Acelerando Astropartículas; Astropartículas Vindo; Vindo Book; Book Trabalho; Trabalho Fruto
https://openalex.org/W2946922247,https://doi.org/10.21439/conexoes.v13i2.1677,Astropartículas na América do Sul,2019,2019-05-28,article,0,R.C. Shellard,Centro Brasileiro de Pesquisas Físicas,BR,Conexões - Ciência e Tecnologia,https://doi.org/10.21439/conexoes.v13i2.1677,True,"Descrevemos neste artigo os avanços recentes na área das Astropartículas, realizados em experimentos construídos em países da América Latina e apontamos alguns dos projetos que estão sendo concebidos para explorar com maior detalhe as astropartículas de altíssimas energias.",Astropartículas; América; Astropartículas América; América Descrevemos; Descrevemos Neste; Neste Artigo; Artigo Avan; Avan Recentes; Recentes Área; Área Astropartículas; Astropartículas Realizados; Realizados Experimentos
https://openalex.org/W7152616291,https://doi.org/10.47456/cad.astro.v7n1.52150,Desafios em astropartículas,2026,2026-04-09,article,0,Clarissa Siqueira,National Observatory,BR,Cadernos de Astronomia,https://doi.org/10.47456/cad.astro.v7n1.52150,True,"Astroparticle physics plays a central role in addressing fundamental questions in modern physics by connecting particle physics, cosmology, and astrophysics. Among the main problems, we highlight the nature of dark matter and dark energy, primordial inflation, the matter-antimatter asymmetry of the universe, and the origin of ultra-high-energy cosmic messengers. In this article, we review the main observational evidence for dark matter, which spans scales from galactic to cosmological, and discuss the two most explored scenarios for its nature: primordial black holes and new fundamental particles beyond the Standard Model. We explore the main theoretical and experimental bottlenecks that challenge the search for the nature of dark matter, highlighting those associated with extended mass distributions of primordial black holes and the absence of weakly interacting massive particle signals in direct, indirect, and accelerator detection experiments. We also discuss the role of next-generation experiments, including very high-energy gamma-ray telescopes and multi-messenger detectors. Finally, we conclude that the combination of high-precision observations and theoretical advances will be crucial to elucidating the microphysics of dark matter and deepening our understanding of the extreme universe.",Dark Matter; Dark; Matter; Nature Dark; High Energy; Primordial Black; Black Holes; Physics; Main; Nature; Energy; Primordial
https://openalex.org/W2810618780,,Física de Astropartículas,2018,2018-02-27,article,0,Marcos López,Universidad Complutense de Madrid,ES,Revista española de física,https://dialnet.unirioja.es/servlet/articulo?codigo=6483887,False,"La Fisica de Astroparticulas es una moderna disciplina que se encuentra a medio camino entre la fisica de particulas (de la que hereda la mayoria de las tecnicas experimentales) y la astrofisica. Dentro de ella, destaca la astronomia gamma de muy altas energias, que se ocupa del estudio del universo en la zona del espectro electromagnetico correspondiente a energias mayores de 10 gigaelectronvoltios (GeV), mediante la observacion de los rayos gamma de alta energia que llegan a la Tierra desde el espacio exterior. Cabe destacar que estas energias son diez mil millones de veces mayores que la de la luz visible.",Energias; Física; Astropartículas; Fisica; Gamma; Mayores; Física Astropartículas; Astropartículas Fisica; Fisica Astroparticulas; Astroparticulas Moderna; Moderna Disciplina; Disciplina Encuentra
https://openalex.org/W4205708438,https://doi.org/10.3390/universe8010037,Digging into Axion Physics with (Baby)IAXO,2022,2022-01-08,article,6,T. Dafní; J. Galán,Universidad de Zaragoza,ES,Universe,https://doi.org/10.3390/universe8010037,True,"Dark matter searches have been ongoing for three decades; the lack of a positive discovery of the main candidate, the WIMP, after dedicated efforts, has put axions and axion-like particles in the spotlight. The three main techniques employed to search for them complement each other well in covering a wide range in the parameter space defined by the axion decay constant and the axion mass. The International AXion Observatory (IAXO) is an international collaboration planning to build the fourth generation axion helioscope, with an unparalleled expected sensitivity and discovery potential. The distinguishing characteristic of IAXO is that it will feature a magnet that is designed to maximise the relevant parameters in sensitivity and which will be equipped with X-ray focusing devices and detectors that have been developed for axion physics. In this paper, we review aspects that motivate IAXO and its prototype, BabyIAXO, in the axion, and ALPs landscape. As part of this Special Issue, some emphasis is given on Spanish participation in the project, of which CAPA (Centro de Astropartículas y Física de Altas Energías of the Universidad de Zaragoza) is a strong promoter.",Axion; Iaxo; Physics; Axion Physics; Digging; Baby; Three; Discovery; Main; International; Sensitivity; Will
https://openalex.org/W7120342860,,Astropartículas e sua origem no Universo local,2025,2025-06-17,dissertation,0,Cainã de Oliveira,,,Digital Library of Theses and Dissertations  (Universidade de São Paulo),https://www.teses.usp.br/teses/disponiveis/76/76134/tde-27082025-085555/,False,"In this thesis, we explore nearby extragalactic astrophysical objects as sources of astroparticles, focusing on the origin of the anisotropies observed in the arrival directions of ultra-high-energy cosmic rays (UHECRs) and the acceleration of particles along the jet of the nearby radio galaxy Centaurus A. It is a well-established fact that nearby extragalactic sources are necessary to explain the flux of UHECRs. In studies of the origin of the UHECR anisotropies, we simulate the propagation of UHECRs in the extragalactic environment. We discussed the effect of extragalactic magnetic field models of different origins on the UHECR anisotropies. The consequences of Liouvilles theorem for generating anisotropies are studied, and we developed a new set of equations for the evolution of angular power spectrum coefficients. We tested astrophysical objects from different catalogs as potential UHECR sources by predicting the resulting anisotropies under different extragalactic magnetic field models and proxies for the UHECR flux. The effects of the Galactic magnetic field are also discussed.We showed that the extragalactic magnetic field has an important impact on the anisotropies of local objects, especially concerning the intermediate-scale anisotropies. We propose that to combine blazars and radio galaxies in studies where the &gamma;-ray radiation is used as a proxy to the UHECR flux, it is necessary to treat the angular distribution of the UHECRs after leaving the acceleration site. The results suggest that nearby active galactic nuclei may be responsible for the dipole direction measured by the Pierre Auger Observatory for energies above 32 EeV and some of the anisotropies observed at intermediate angular scales. Nearby objects can be studied in the electromagnetic spectrum in greater detail and at multiple wavelengths. Based on that, the radio galaxy Centaurus A, a potential source of UHECRs, was chosen for a deeper study. We modeled the particle acceleration in the knots of its jet, considering measurements in multiple wavelengths. The morphological and spectral predictions of the model are explored; in particular, the production of -rays is discussed. The acceleration of UHECRs in the knots was demonstrated to be unlikely.",Anisotropies; Magnetic Field; Extragalactic; Uhecrs; Extragalactic Magnetic; Nearby; Uhecr; Local; Objects; Acceleration; Magnetic; Field
https://openalex.org/W7120477553,,Busca por partículas exóticas (Q-balls) em Astropartículas ultra-energéticas,2023,2023-06-19,dissertation,0,Tales Ferraz de Paula,,,Digital Library of Theses and Dissertations  (Universidade de São Paulo),https://www.teses.usp.br/teses/disponiveis/76/76134/tde-14072023-141627/,False,"This dissertation was proposed in the scenario of studying candidates for the origins of ultra-high-energy cosmic rays. The main goal is to study exotic air showers induced by Q-balls and to develop a method to differentiate exotic-induced air showers from proton-induced ones in the energy range from 1017.0 to 1021.0 eV. The first part of the study was done with the analysis of longitudinal profiles of air showers simulated with CONEX for more than seventeen thousand events simulated. In the second part, a method is proposed that is compatible with the event-analysis chain of the Pierre Auger Observatory. The first results are divided in three parts, based on the three simulation groups that were done. The first result from the simulation study allowed the proposal of another fit function hypothesis to describe the exotic-induced shower, along with the Gaisser-Hillas function, typically used to describe the profile of hadronic-induced showers. The second result allowed a fully unambiguously classification based on the goodness-of-fit method X2/ndf value when comparing both fitted functions for each primary particle. The third result from simulated events analysis showed independence of energy deposit rate from primary energy for exotic-induced showers, allowing a parametrization proposal for the energy deposit rate with Q-balls cross-section. The second part of results was to apply the proposed method to Pierre Auger Observatory, by testing it on the Observatorys Offline. A new module was proposed for it and a initial test was performed. It is shown that, even after taking into account all the detector and geometry effects related to the fluorescence-based detection of extensive air showers, the classification of exotics is still possible, hinting to the success of the method. Further study, however, is necessary to fully test and validate the method, and the next steps were then discussed.",Balls; Showers; Induced; Method; Part; Exotic Induced; Induced Showers; Energy; Ultra; Proposed; Exotic; Second Part
https://openalex.org/W4298008554,https://doi.org/10.5151/astrocientistas2021-2,Multi-mensageiros cósmicos e suas mensagens na física de astropartículas,2022,2022-09-01,article,0,Angela V. Olinto,,,Blucher Physics Proceedings,https://doi.org/10.5151/astrocientistas2021-2,True,"Este texto foi gerado a partir da transcrição das principais partes do seminário da Prof. Dr. Angela Olinto na conferência As Astrocientistas: I Encontro Brasileiro de Meninas e Mulheres da Astrofísica, Cosmologia e Gravitação, proferida virtualmente no dia 10/02/2021. A Prof. Dr. Angela Olinto é bacharel em física pela PUC-RJ, doutora em física pelo Instituto de Tecnologia de Massachussets (MIT) e fez estágio de pós-doutorado no grupo de astrofísica estelar do Fermilab. Ela se tornou a primeira professora do Departamento de Astronomia e Astrofísica da Universidade de Chicago, no qual posteriormente se tornou diretora. Nesta palestra, ela nos conta um pouco mais sobre seu trabalho.",Física; Prof Angela; Angela Olinto; Astrofísica; Multi; Mensageiros; Cósmicos; Suas; Mensagens; Astropartículas; Prof; Angela
https://openalex.org/W7132912502,,PIS-15-11 - Análisis de datos en astrofísica de alta energía y desarrollo de sistemas de adquisición de datos para detectores de astropartículas.,2015,2015-01-01,other,0,NICOLAS ALEJANDRO VASQUEZ PAZMIÑO; CARMEN ALICIA CARABALI CARABALI,,,Repositorio Digital (Escuela Politécnica Nacional),http://bibdigital.epn.edu.ec/handle/15000/24677,False,Objetivo general - Formar un grupo interdisciplinario en el área de la astrofísica de alta energía y la física de astropartículas en la EPN. Desarrollar un sistema de adquisición de datos para detectores de astropartículas de alta energía con elementos disponibles en el mercado local. Desarrollar un detector WCD autónomo para funcionar y recolectar flujos de astropartículas cargadas a altitudes superiores a los 3000 metros. Analizar y procesar observaciones astrofísicas de alta energía de bases de datos de libre acceso para validar los datos obtenidos por los detectores ubicados en la EPN y el resto del país.,Datos; Alta; Energía; Astropartículas; Alta Energía; Detectores; Astrofísica; Adquisición; Astrofísica Alta; Adquisición Datos; Datos Detectores; Detectores Astropartículas
https://openalex.org/W7120442748,,Fenomenologia da propagação de astropartículas: violação da invariância de Lorentz e a origem dos raios cósmicos de altíssima energia,2021,2021-02-04,dissertation,0,Rodrigo Guedes Lang,,,Digital Library of Theses and Dissertations  (Universidade de São Paulo),https://www.teses.usp.br/teses/disponiveis/76/76134/tde-13052021-093011/,False,"In this thesis, we use a phenomenological approach to the propagation of astroparticles in order to study two relevant topics in astrophysics: Lorentz invariance violation (LIV) and the origin of ultra-high energy cosmic rays (UHECR). Lorentz invariance is proposed as a fundamental symmetry of nature according to relativity. However, quantum gravity models assume or accommodate some level of LIV. We present a broad study of the potential of testing LIV with different data sets and experiments in astroparticle physics. Novel techniques are proposed for testing LIV using TeV gamma-ray and UHECR data, in special using data from Imaging Air Cherenkov Telescopes and the Pierre Auger Observatory. No signature of LIV is found and restraining limits are imposed. We present a review of the most common astrophysical tests and a compilation of the currently most restrictive limits of LIV. We also address the long-lasting question about the origin of UHECR. CR are charged particles and, thus, magnetic fields mask the information about the position of their sources. We study how the energy spectrum, composition and distribution of arrival directions can be used to retrieve information about the source distribution. Constraints on the maximum distance of the nearest UHECR source are imposed. We study the arising of a large-scale anisotropy in the form of a dipole measured by the Pierre Auger Observatory and build an understanding of the evolution with energy of the dipole strength.",Lorentz; Uhecr; Lorentz Invariance; Pierre Auger; Auger Observatory; Energy; Fenomenologia; Propaga; Astropartículas; Viola; Invari; Ncia
https://openalex.org/W3021853182,,Correcciones barométricas y de temperatura para el flujo de astropartículas para el detector Cherenkov de agua ubicado en Quito,2020,2020-04-17,dissertation,0,Erazo Guachamin; Alejandro David,,,,https://bibdigital.epn.edu.ec/bitstream/15000/20839/1/CD%2010363.pdf,False,"El estudio de las astroparticulas ha captado el interes en la comunidad cientifica. Lugares de gran altitud como la region andina de America Latina, ofrece ventajas geograficas que promueven su estudio. El presente estudio se realizo en dos partes. Primero: Realizamos simulaciones con diferentes nucleos primarios con rangos de energia entre 12.47 GeV y 10000 TeV, para obtener la fluencia de particulas secundarias. Estas simulaciones se realizaron considerando un flujo de particulas incidentes de 6 horas usando el paquete CORSIKA. Estos resultados nos dieron el numero de particulas secundarias que llegan al nivel del detector. Segundo: Analizamos los datos recopilados por el detector ubicado en la Escuela Politecnica Nacional. Clasificamos los datos y realizamos analisis estadisticos de la tasa de particulas detectadas. Buscamos la correlacion entre los valores",Detector; Flujo; Ubicado; Particulas; Particulas Secundarias; Estudio; Correcciones; Barométricas; Temperatura; Astropartículas; Cherenkov; Agua
https://openalex.org/W2801166531,,CONSTRUCCIÓN DE UN DETECTOR DE MUONES PORTÁTIL PARA EL LABORATORIO DE ASTROFÍSICA Y ASTROPARTÍCULAS DE LA ESCUELA POLITÉCNICA NACIONAL,2017,2017-12-01,dissertation,0,Luis Machado,,,,http://astroparticulas.cedia.org.ec/handle/123456789/62,False,,Construcción; Detector; Muones; Portátil; Laboratorio; Astrofísica; Astropartículas; Escuela; Politécnica; Nacional; Construcción Detector; Detector Muones
https://openalex.org/W3032895147,https://doi.org/10.1590/1806-9126-rbef-2020-0032,Uma introdução às estrelas estranhas,2020,2020-01-01,article,1,V. P. Gonçalves; Lucas Lazzari,Universidade Federal de Pelotas,BR,Revista Brasileira de Ensino de Física,https://doi.org/10.1590/1806-9126-rbef-2020-0032,True,"Resumo A descrição das estrelas de nêutrons mais densas encontradas na Natureza depende da compreensão dos conceitos físicos presentes na Relatividade Geral e na teoria das interações fortes – a Cromodinâmica Quântica. Neste trabalho apresentamos uma revisão dos conceitos básicos necessários para a descrição de estrelas estranhas, formadas pelos quarks up, down e strange, a qual é uma das alternativas para a composição de estrelas de nêutrons ultradensas. Iremos revisar a hipótese de Bodmer-Witten-Terazawa que propõe que a matéria estranha é absolutamente estável com relação à matéria nuclear ordinária e discutiremos as propriedades básicas que caracterizam as estrelas estranhas. Nosso objetivo é apresentar os conceitos necessários à compreensão deste tema relevante e atual da área de Astropartículas.",Estrelas; Estranhas; Estrelas Estranhas; Descri Estrelas; Estrelas Utrons; Conceitos; Introdu; Descri; Utrons; Compreens; Necessários; Matéria
https://openalex.org/W3042225307,,El galardón de excelencia María de Maeztu para la investigación en Física Experimental de Partículas y Astropartículas en el CIEMAT,2016,2016-01-01,article,0,Nicanor Colino Arriero; Jesús Puerta Pelayo,,,Vértices: la revista del CIEMAT,https://dialnet.unirioja.es/servlet/articulo?codigo=7457767,False,espanolLa Unidad de Fisica de Particulas del CIEMAT (CIEMAT-FP) ha sido acreditada como Unidad de Excelencia Maria de Maeztu (MdM) para el periodo 2016-2019 EnglishThe CIEMAT Particle Physics Unit (CIEMAT-FP) has been accredited as a Maria de Maeztu (MdM) Unit of Excellence for the period from 2016-2019,Ciemat; Maeztu; Excelencia; Maria Maeztu; Galardón; María; Investigación; Física; Experimental; Partículas; Astropartículas; Unidad
https://openalex.org/W3049473271,https://doi.org/10.18154/rwth-2020-10131,Features of the energy spectrum of cosmic rays above $2.5{\times} 10^{18}$ eV using the Pierre Auger Observatory,2020,2020-01-01,article,21,"A. Aab; P. Abreu; M. Aglietta; Justin M. Albury; I. Allekotte; Alejandro Almela; Alvarez Castillo, Jesus; Jaime Álvarez-Muñiz; Alves Batista, Rafael; Gioacchino Alex Anastasi; Luis A. Anchordoqui; Belén Andrada; S. Andringa; C. Aramo; Araújo Ferreira, Paulo Ricardo; H. Asorey; P. Assis; Gualberto Avila; Alina Mihaela Badescu; Alena Bakalová; Alexandru Balaceanu; Felicia Barbato; Barreira Luz, Ricardo Jorge; Karl‐Heinz Becker; Jose A. Bellido; Corinne Bérat; М. Бертаина; X. Bertou; Peter L. Biermann; Teresa Bister; Jonathan Biteau; A. Blanco; Jiří Blažek; C. Bleve; Martina Boháčová; Denise Boncioli; C. Bonifazi; Bonneau Arbeletche, Luan; Nataliia Borodai; Ana Martina Botti; Jeffrey Brack; T. Bretz; Florian Lukas Briechle; P. Buchholz; A. Bueno; S. Buitink; Mario Buscemi; K. S. Caballero‐Mora; Lorenzo Caccianiga; L. Calcagni; A. Cancio; F. Canfora; Ioana Caracas; Juan Miguel Carceller; R. Caruso; A. Castellina; Fernando Catalani; G. Cataldi; Lorenzo Cazon; Marcos Cerda; J. A. Chinellato; K. Choi; J. Chudoba; L. Chytka; R. W. Clay; Cobos Cerutti, Agustín; Roberta Colalillo; Alan Coleman; Maria Rita Coluccia; R. Conceição; Antonio Condorelli; Giovanni Consolati; F. Contreras; Fabio Convenga; C. E. Covault; S. Dasso; K. Daumiller; B. R. Dawson; Jarryd A. Day; Rogerio M. de Almeida; Joaquín de Jesús; S. J. de Jong; G. De Mauro; De Mello Neto, Joao; I. De Mitri; Jaime de Oliveira; Danelise de Oliveira Franco; De Souza, Vitor; Emanuele De Vito; J. Debatin; Del Río, Mariano; Olivier Deligny; H.-P. Dembinski; N. Dhital; C. Di Giulio; Armando di Matteo; Díaz Castro, Mary Lucia; C. Dobrigkeit; Juan Carlos D’Olivo; Qader Dorosti",RWTH Aachen University,DE,arXiv (Cornell University),https://arxiv.org/pdf/2008.06488.pdf,True,"Aab, Alexander; Abreu, Pedro; Aglietta, Marco; Albury, Justin M.; Allekotte, Ingomar; Almela, Alejandro; Alvarez Castillo, Jesus; Alvarez-Muñiz, Jaime; Alves Batista, Rafael; Anastasi, Gioacchino Alex; Anchordoqui, Luis; Andrada, Belén; Andringa, Sofia; Aramo, Carla; Araújo Ferreira, Paulo Ricardo; Asorey, Hernán Gonzalo; Assis, Pedro; Avila, Gualberto; Badescu, Alina Mihaela; Bakalova, Alena; Balaceanu, Alexandru; Barbato, Felicia; Barreira Luz, Ricardo Jorge; Becker, Karl-Heinz; Bellido, Jose A.; Berat, Corinne; Bertaina, Mario Edoardo; Bertou, Xavier; Biermann, Peter; Bister, Teresa Karolin; Biteau, Jonathan; Blanco, Alberto; Blazek, Jiri; Bleve, Carla; Boháčová, Martina; Boncioli, Denise; Bonifazi, Carla; Bonneau Arbeletche, Luan; Borodai, Nataliia; Botti, Ana Martina; Brack, Jeffrey; Bretz, Thomas; Briechle, Florian Lukas; Buchholz, Peter; Bueno, Antonio; Buitink, Stijn; Buscemi, Mario; Caballero-Mora, Karen S.; Caccianiga, Lorenzo; Calcagni, Laura; Cancio, Ángel; Canfora, Fabrizia; Caracas, Ioana; Carceller, Juan Miguel; Caruso, Rossella; Castellina, Antonella; Catalani, Fernando; Cataldi, Gabriella; Cazon, Lorenzo; Cerda, Marcos; Chinellato, Jose Augusto; Choi, Koun; Chudoba, Jiri; Chytka, Ladislav; Clay, Roger W.; Cobos Cerutti, Agustín; Colalillo, Roberta; Coleman, Alan; Coluccia, Maria Rita; Conceição, Ruben; Condorelli, Antonio; Consolati, Giovanni; Contreras, Fernando; Convenga, Fabio; Covault, Corbin; Dasso, Sergio; Daumiller, Kai; Dawson, Bruce R.; Day, Jarryd A.; de Almeida, Rogerio M.; de Jesús, Joaquín; de Jong, Sijbrand J.; De Mauro, Giuseppe; de Mello Neto, Joao; De Mitri, Ivan; de Oliveira, Jaime; de Oliveira Franco, Danelise; de Souza, Vitor; De Vito, Emanuele; Debatin, Joachim; del Río, Mariano; Deligny, Olivier; Dembinski, Hans; Dhital, Niraj; Di Giulio, Claudio; Di Matteo, Armando; Díaz Castro, Mary Lucia; Dobrigkeit, Carola; D'Olivo, Juan Carlos; Dorosti, Qader; dos Anjos, Rita; Dova, Maria Teresa; Ebr, Jan; Engel, Ralph; Epicoco, Italo; Erdmann, Martin; Escobar, Carlos O.; Etchegoyen, Alberto; Falcke, Heino; Farmer, John; Farrar, Glennys; Fauth, Anderson; Fazzini, Norberto; Feldbusch, Fridtjof; Fenu, Francesco; Fick, Brian; Figueira, Juan Manuel; Filipčič, Andrej; Fodran, Tomas; Freire, Martín Miguel; Fujii, Toshihiro; Fuster, Alan; Galea, Cristina; Galelli, Claudio; García, Beatriz; Garcia Vegas, Adrianna Luz; Gemmeke, Hartmut; Gesualdi, Flavia; Gherghel-Lascu, Alexandru; Ghia, Piera Luisa; Giaccari, Ugo; Giammarchi, Marco; Giller, Maria; Glombitza, Jonas; Gobbi, Fabian; Gollan, Fernando; Golup, Geraldina; Gómez Berisso, Mariano; Gómez Vitale, Primo F.; Gongora, Juan Pablo; González, Nicolás; Goos, Isabel; Góra, Dariusz; Gorgi, Alessio; Gottowik, Marvin; Grubb, Trent D.; Guarino, Fausto; Guedes, Germano; Guido, Eleonora; Hahn, Steffen; Halliday, Robert; Hampel, Matías Rolf; Hansen, Patricia; Harari, Diego; Harvey, Violet M.; Haungs, Andreas; Hebbeker, Thomas; Heck, Dieter; Hill, Gary C.; Hojvat, Carlos; Hörandel, Jörg; Horvath, Pavel; Hrabovský, Miroslav; Huege, Tim; Hulsman, Johannes; Insolia, Antonio; Isar, Paula Gina; Johnsen, Jeffrey A.; Jurysek, Jakub; Kääpä, Alex; Kampert, Karl-Heinz; Keilhauer, Bianca; Kemp, Julian; Klages, Hans; Kleifges, Matthias; Kleinfeller, Jonny; Köpke, Marcel; Kukec Mezek, Gasper; Lago, Bruno L.; LaHurd, Danielle; Lang, Rodrigo Guedes; Leigui de Oliveira, Marcelo Augusto; Lenok, Vladimir; Letessier-Selvon, Antoine; Lhenry-Yvon, Isabelle; Lo Presti, Domenico; Lopes, Luis; López, Rebeca; Lorek, Ryan; Luce, Quentin; Lucero, Agustin; Machado Payeras, Allan; Malacari, Max; Mancarella, Giovanni; Mandat, Dusan; Manning, Bradley C.; Manshanden, Julien; Mantsch, Paul; Marafico, Sullivan; Mariazzi, Analisa; Mariş, Ioana; Marsella, Giovanni; Martello, Daniele; Martinez, Humberto; Martínez Bravo, Oscar; Mastrodicasa, Massimo; Mathes, Hermann-Josef; Matthews, James; Matthiae, Giorgio; Mayotte, Eric; Mazur, Peter; Medina-Tanco, Gustavo; Melo, Diego; Menshikov, Alexander; Merenda, Kevin-Druis; Michal, Stanislav; Micheletti, Maria Isabel; Miramonti, Lino; Mockler, Daniela; Mollerach, Silvia; Montanet, François; Morello, Carlo; Mostafá, Miguel; Müller, Ana L.; Muller, Marcio Aparecido; Mulrey, Katharine; Mussa, Roberto; Muzio, Marco; Namasaka, Wilson M.; Nellen, Lukas; Nguyen, Phong H.; Niculescu-Oglinzanu, Mihai; Niechciol, Marcus; Nitz, Dave; Nosek, Dalibor; Novotny, Vladimir; Nožka, Libor; Nucita, Achille; Núñez, Luis; Palatka, Miroslav; Pallotta, Juan; Panetta, Maria Paola; Papenbreer, Philipp; Parente, Gonzalo; Parra, Alejandra; Pech, Miroslav; Pedreira, Francisco; Pękala, Jan; Pelayo, Rodrigo; Peña-Rodriguez, Jesús; Perez Armand, Johnnier; Perlin, Matías; Perrone, Lorenzo; Peters, Christine; Petrera, Sergio; Pierog, Tanguy; Pimenta, Mário; Pirronello, Valerio; Platino, Manuel; Pont, Bjarni; Pothast, Mart; Privitera, Paolo; Prouza, Michael; Puyleart, Andrew; Querchfeld, Sven; Rautenberg, Julian; Ravignani, Diego; Reininghaus, Maximilian; Ridky, Jan; Riehn, Felix; Risse, Markus; Ristori, Pablo; Rizi, Vincenzo; Rodrigues de Carvalho, Washington; Rodriguez Fernandez, Gonzalo; Rodriguez Rojo, Jorge Rubén; Roncoroni, Matías J.; Roth, Markus; Roulet, Esteban; Rovero, Adrian; Ruehl, Philip; Saffi, Steven J.; Saftoiu, Alexandra; Salamida, Francesco; Salazar, Humberto; Salina, Gaetano; Sanabria Gomez, Jose; Sánchez, Federico; Moura Santos, Edivaldo; Santos, Eva; Sarazin, Fred; Sarmento, Raul; Sarmiento-Cano, Christian; Sato, Ricardo; Savina, Pierpaolo; Schäfer, Christoph; Scherini, Viviana; Schieler, Harald; Schimassek, Martin; Schimp, Michael; Schlüter, Felix; Schmidt, David; Scholten, Olaf; Schovánek, Petr; Schröder, Frank G.; Schröder, Sonja; Schulz, Alexander; Sciutto, Sergio; Scornavacche, Marina; Shellard, Ronald C.; Sigl, Guenter; Silli, Gaia; Sima, Octavian; Šmída, Radomir; Sommers, Paul; Soriano, Jorge F.; Souchard, Julien; Squartini, Ruben; Stadelmaier, Maximilian; Stanca, Denis; Stanič, Samo; Stasielak, Jaroslaw; Stassi, Patrick; Streich, Alexander; Suárez-Durán, Mauricio; Sudholz, Tristan; Suomijärvi, Tiina; Supanitsky, A. Daniel; Šupík, Jan; Szadkowski, Zbigniew; Taboada, Alvaro; Tapia, Alex; Timmermans, Charles; Tkachenko, Olena; Tobiska, Petr; Todero Peixoto, Carlos J.; Tomé, Bernardo; Torralba Elipe, Guillermo; Travaini, Andres; Travnicek, Petr; Trimarelli, Caterina; Trini, Marta; Tueros, Matias; Ulrich, Ralf; Unger, Michael; Urban, Martin; Vaclavek, Lukáš; Vacula, Martin; Valdés Galicia, Jose F.; Valiño, Ines; Valore, Laura; van Vliet, Arjen; Varela, Enrique; Vargas Cárdenas, Bernardo; Vásquez-Ramírez, Adriana; Veberič, Darko; Ventura, Cynthia; Vergara Quispe, Indira D.; Verzi, Valerio; Vicha, Jakub; Villaseñor, Luis; Vink, Jacco; Vorobiov, Serguei; Wahlberg, Hernan; Watson, Alan; Weber, Marc; Weindl, Andreas; Wiencke, Lawrence; Wilczyński, Henryk; Winchen, Tobias; Wirtz, Marcus; Wittkowski, David; Wundheiler, Brian; Yushkov, Alexey; Zapparrata, Orazio; Zas, Enrique; Zavrtanik, Danilo; Zavrtanik, Marko; Zehrer, Lukas; Zepeda, Arnulfo; Ziolkowski, Michael; Zuccarello, Francesca; Pierre Auger Collaboration",Juan; Maria; Pierre; Auger; Alexander; Luis; Jose; Carlos; Martin; Michael; Pierre Auger; Karl Heinz
https://openalex.org/W2581404076,https://doi.org/10.13039/501100003329,Multi-particle emission from 31Ar at IDS,2015,2015-07-13,article,0,Idalia Marroquín,,,DIGITAL.CSIC (Spanish National Research Council (CSIC)),http://hdl.handle.net/10261/137236,True,"Centro Nacional de Física de Partículas, Astropartículas y Nuclear, Santander, 23-25 octubre 2017. -- https://indico.ific.uv.es/event/2960/",Multi; Particle; Emission; Multi Particle; Particle Emission; Emission Centro; Centro Nacional; Nacional Física; Física Partículas; Partículas Astropartículas; Astropartículas Nuclear; Nuclear Santander
https://openalex.org/W3185217878,,Fermionic Perturbations in Hybrid Loop Quantum Cosmology,2018,2018-10-30,article,0,Santiago Prado,,,DIGITAL.CSIC (Spanish National Research Council (CSIC)),http://hdl.handle.net/10261/246057,True,"X CPAN Days. Centro Nacional de Física de Partículas, Astropartículas y Nuclear (CPAN) , 29-31 October. Hospedería Fonseca y hotel Abba Fonseca (Salamanca. España) (2018). -.https://indico.ific.uv.es/event/3366/timetable/?view=nicecompact",Fermionic; Perturbations; Hybrid; Loop; Quantum; Cosmology; Cpan; Fonseca; Fermionic Perturbations; Perturbations Hybrid; Hybrid Loop; Loop Quantum
https://openalex.org/W2810192934,,Why parametrize field theories,2017,2017-10-23,article,0,Juan Margalef-Bentabol; Jesús Fernando Barbero González; Eduardo J. S. Villaseñor,,,DIGITAL.CSIC (Spanish National Research Council (CSIC)),http://hdl.handle.net/10261/165212,True,"Presentación de 55 diapositivas. -- Centro Nacional de Física de Partículas, Astropartículas y Nuclear, Santander, 23-25 octubre 2017. -- https://indico.ific.uv.es/event/2960/",Parametrize; Field; Theories; Parametrize Field; Field Theories; Theories Presentación; Presentación Diapositivas; Diapositivas Centro; Centro Nacional; Nacional Física; Física Partículas; Partículas Astropartículas
https://openalex.org/W3103197329,,Physics potential studies - News,2019,2019-01-01,article,0,S. Heinemeyer,,,DIGITAL.CSIC (Spanish National Research Council (CSIC)),http://hdl.handle.net/10261/214597,True,"Trabajo presentado a los XI CPAN (Centro Nacional de Física de Partículas, Astropartículas y Nuclear) Days, celebrados en Oviedo (España) del 21 al 23 de octubre de 2019.",Physics; Potential; News; Physics Potential; Potential News; News Trabajo; Trabajo Presentado; Presentado Cpan; Cpan Centro; Centro Nacional; Nacional Física; Física Partículas
https://openalex.org/W2994826321,,Caracterización por técnicas IBA de blancos de reacciones nucleares,2018,2018-10-29,article,0,F. J. Ferrer; Beatriz Fernández-Martínez; J. Praena; J. P. Fernández-García; V. Godinho; P. Torres; A. Fernández-Camacho; J. Gómez‐Camacho,,,DIGITAL.CSIC (Spanish National Research Council (CSIC)),http://hdl.handle.net/10261/196072,False,"Trabajo presentado en las X Jornadas CPAN (Centro Nacional de Física de Partículas, Astropartículas y Nuclear), celebradas en Salamanca (España), del 29 al 31 de octubre de 2018",Caracterización; Técnicas; Blancos; Reacciones; Nucleares; Nuclear; Caracterización Técnicas; Técnicas Blancos; Blancos Reacciones; Reacciones Nucleares; Nucleares Trabajo; Trabajo Presentado
https://openalex.org/W2996203415,,Monitor de energía de haz de partículas ionizantes basado en emisión de color,2017,2017-10-23,article,0,F. J. Ferrer; J. Gil-Rostra; J.P. Espinós; Agustı́n R. González-Elipe; F. Yubero,,,DIGITAL.CSIC (Spanish National Research Council (CSIC)),http://hdl.handle.net/10261/195732,False,"Trabajo presentado en las IX Jornadas CPAN (Centro Nacional de Física de Partículas, Astropartículas y Nuclear), celebradas en Santander (España), del 23 al 25 de octubre de 2017",Partículas; Monitor; Energía; Ionizantes; Basado; Emisión; Color; Monitor Energía; Energía Partículas; Partículas Ionizantes; Ionizantes Basado; Basado Emisión
https://openalex.org/W2996474388,,Nanopartículas de lantánidos para imagen multimodal. Biodistribución en ratón por MicroPET y NanoCT,2018,2018-10-29,article,0,L. Fernández-Maza; Ariadna Corral; Ana Becerro; Daniel González‐Mancebo; Ángel Parrado‐Gallego; Marcin Balcerzyk; Manuel Ocaña,,,DIGITAL.CSIC (Spanish National Research Council (CSIC)),http://hdl.handle.net/10261/196096,False,"Trabajo presentado en las X Jornadas CPAN (Centro Nacional de Física de Partículas, Astropartículas y Nuclear), celebradas en Salamanca (España), del 29 al 31 de octubre de 2018",Nanopartículas; Lantánidos; Imagen; Multimodal; Biodistribución; Ratón; Micropet; Nanoct; Partículas; Nanopartículas Lantánidos; Lantánidos Imagen; Imagen Multimodal
https://openalex.org/W2771501090,,"Detection of gamma-rays in the reaction 14B(p,2p)13Be and its importance to interpret the structure of 13Be",2016,2016-11-28,article,0,E. Nácher; G. Ribeiro; O. Tengblad; B. Jonson,,,DIGITAL.CSIC (Spanish National Research Council (CSIC)),http://hdl.handle.net/10261/154513,True,"Presentación con nueve diapositivas; VIII Jornadas CPAN (Centro Nacional de Física de Partículas, Astropartículas y Nuclear); Zaragoza, 28-30 de noviembre de 2016; https://www.i-cpan.es/jornadas8/programa.php",Detection; Gamma; Rays; Reaction; Importance; Interpret; Structure; Detection Gamma; Gamma Rays; Rays Reaction; Reaction Importance; Importance Interpret
https://openalex.org/W2996594223,,41Ca measurements on the primary shield of José Cabrera Nuclear Power Plant,2017,2017-10-23,article,0,C. Vivo-Vilches; J. M. López-Gutiérrez; M. Garcı́a-León; Jose Luis Leganes,,,DIGITAL.CSIC (Spanish National Research Council (CSIC)),http://hdl.handle.net/10261/195723,False,"Trabajo presentado en las IX Jornadas CPAN (Centro Nacional de Física de Partículas, Astropartículas y Nuclear), celebradas en Santander (España), del 23 al 25 de octubre de 2017",Nuclear; Measurements; Primary; Shield; José; Cabrera; Power; Plant; Measurements Primary; Primary Shield; Shield José; José Cabrera
https://openalex.org/W7133431642,,Design and implementation of a system for the detection of radio pulses produced by astroparticles,2020,2020-01-01,article,0,Jesús David Bonilla Neira; Ernesto Aguilera Bermudes,,,Universidad Industrial de Santander,https://noesis.uis.edu.co/handle/20.500.14071/40074,True,"Este trabajo se desarrolla en el contexto de la detección de astropartículas en Colombia. Existen diferentes técnicas de detección entre las cuales están los tanques Cherenkov, los centelladores, los detectores de fluorescencia, los arreglos de antenas, entre otros. Específicamente en este trabajo se estudia el detector compuesto de un arreglo de antenas para la recepción de señales de radio producidas por las lluvias de partículas, estas se generan en la atmósfera a causa de la incidencia de astropartículas. En esta investigación se muestra el diseño y la construcción de un sistema para la detección de las señales de radio frecuencia en la banda de VHF producidas por los fenómenos astrofísicos de las lluvias de partículas. El sistema tiene cuatro componentes. El primero es una antena receptora, de doble espira perpendicular y 1.2 metros de diámetro. El segundo es un balun para adaptar la impedancia de la antena a la siguiente etapa. El tercero es un amplificador de bajo ruido que permite alcanzar la sensibilidad necesaria para diferenciar la señal de la radiointerferencia del medio. El cuarto componente es un SDR que permite utilizar su hardware para el estudio del sistema. Finalmente, se realizó una verificación a la implementación del sistema, una serie de pruebas para corroborar el funcionamiento y analizar las posibles mejoras que se pueden realizar al mismo. El desarrollo de este proyecto se realizó en conjunto entre el Grupo Halley de astronomía y ciencias aeroespaciales de la UIS, el grupo de investigación radiogis de la UIS y el Instituto de tecnología en detección de astropartículas ITEDA, perteneciente a la comisión nacional de energía atómica de Argentina.",Radio; Detección; Sistema; Detección Astropartículas; Señales Radio; Lluvias Partículas; Astropartículas; Design; Implementation; System; Detection; Pulses
https://openalex.org/W7128642707,https://doi.org/10.5281/zenodo.18563090,Física de Partículas para Iniciantes: Uma leitura repleta de conhecimento,2026,2026-02-09,book,0,Matheus M. A. Paixão; Farinaldo da Silva Queiroz; BRUNA EMANUELLY SOUSA SILVA,Universidade Federal do Rio Grande do Norte; FZU ‒ Institute of Physics of the Academy of Sciences of the Czech Republic,BR; CZ,Zenodo (CERN European Organization for Nuclear Research),https://doi.org/10.5281/zenodo.18563090,True,"Este material tem o intuito de explicar, de uma forma geral, assuntos estudados em uma iniciação científica feita por esta autora que vos escreve: cosmologia, relatividade e ondas gravitacionais, mecânica quântica, modelo padrão de partículas e teorias de gauge. Esses são os assuntos abordados neste e-book para iniciantes.Este é o projeto final dos estudos feitos na iniciação científica de física de partículas e astropartículas, vinculado à UFRN (Projeto de Extensão CR186‑2025). Venha nessa viagem para explorar o universo juntos!",Partículas; Física; Iniciantes; Inicia; Física Partículas; Inicia Científica; Leitura; Repleta; Conhecimento; Assuntos; Científica; Projeto
https://openalex.org/W7128619988,https://doi.org/10.5281/zenodo.18563091,Física de Partículas para Iniciantes: Uma leitura repleta de conhecimento,2026,2026-02-09,book,0,Matheus M. A. Paixão; Farinaldo da Silva Queiroz; BRUNA EMANUELLY SOUSA SILVA,Universidade Federal do Rio Grande do Norte; FZU ‒ Institute of Physics of the Academy of Sciences of the Czech Republic,BR; CZ,Open MIND,,True,"Este material tem o intuito de explicar, de uma forma geral, assuntos estudados em uma iniciação científica feita por esta autora que vos escreve: cosmologia, relatividade e ondas gravitacionais, mecânica quântica, modelo padrão de partículas e teorias de gauge. Esses são os assuntos abordados neste e-book para iniciantes.Este é o projeto final dos estudos feitos na iniciação científica de física de partículas e astropartículas, vinculado à UFRN (Projeto de Extensão CR186‑2025). Venha nessa viagem para explorar o universo juntos!",Partículas; Física; Iniciantes; Inicia; Física Partículas; Inicia Científica; Leitura; Repleta; Conhecimento; Assuntos; Científica; Projeto
https://openalex.org/W4414784084,https://doi.org/10.11606/003240078,Aceleração e propagação de raios cósmicos a partir da radiogaláxia Fornax A,2024,2024-01-01,dissertation,0,"Isadora Parillo; Souza, Vitor de",,,,https://doi.org/10.11606/003240078,True,"Neste trabalho, estudamos o comportamento de galáxias de núcleo ativo, sob a perspectiva da aceleração de raios cósmicos de altíssima energia em suas estruturas. Além disso, aprofundamo-nos na caracterização de uma galáxia específica, Fornax A (NGC1316), considerada promissora candidata à aceleração de raios cósmicos. Enfim, estudamos os efeitos de perda energética que os raios cósmicos enfrentam durante sua propagação no Universo, atentando-se às interações com a radiação cósmica de fundo em microondas e a luz de fundo extragaláctica. Por fim, utilizamos o framework computacional CRPropa3 para realizar uma simulação simplificada da propagação de astropartículas aceleradas em Fornax A, gerando espectros de energia comparáveis com dados do Observatório Pierre Auger.",Raios; Cósmicos; Raios Cósmicos; Acelera; Propaga; Fornax; Acelera Raios; Partir; Radiogaláxia; Estudamos; Energia; Galáxia
https://openalex.org/W7163804907,https://doi.org/10.5281/zenodo.20581127,"NEUTRINO 2023 E A DISCIPLINA MODAL DA TEORIA DA OBJETIVIDADE: uma análise crítico-propositiva das conclusões do XX International Workshop on Neutrino Telescopes em confronto com os axiomas, os elementos fenomênicos, os Efeitos Indutores, o teorema cosmogênico e as Eras cosmológicas da TO",2026,2026-06-07,article,0,Vidamor Cabannas; Denivaldo Silva,,,Zenodo (CERN European Organization for Nuclear Research),https://doi.org/10.5281/zenodo.20581127,True,"Este artigo apresenta uma análise crítico-propositiva de Neutrino 2023: Conclusions, associado ao XX International Workshop on Neutrino Telescopes e depositado no Zenodo sob o DOI https://doi.org/10.5281/zenodo.10691601. O estudo examina o possível diálogo entre a física contemporânea dos neutrinos, a pesquisa em astropartículas e a Teoria da Objetividade (TO), especialmente em relação à necessidade modal de seus sete axiomas, aos elementos fenomênicos, aos Efeitos Indutores, ao teorema cosmogênico e às Eras cosmológicas. O artigo sustenta que o neutrino pode ser interpretado, no quadro da TO, como um elemento fenomênico privilegiado de radiação-informação. Por serem partículas de interação fraca, capazes de transportar traços de processos atômicos, nucleares, estelares e cósmicos, os neutrinos oferecem uma ponte empírica e conceitual relevante entre a física multimensageira contemporânea e a compreensão da TO segundo a qual o elemento transcendente corresponde ao conhecimento ou às informações produzidas nas relações atômicas, equivalentes às radiações atômicas. A análise também identifica pontos importantes de tensão. O documento analisado não é um artigo ontológico ou cosmogônico, não aborda diretamente os axiomas modais e não propõe uma teoria alternativa da origem cósmica. Sua contribuição para a Teoria da Objetividade é, portanto, principalmente indireta, empírico-instrumental, cosmológica e epistemológica. Ainda assim, o campo dos telescópios de neutrinos fornece um espaço significativo para explorar observação, fronteira, informação, radiação, detecção e conversão de sinais cósmicos sutis em conhecimento científico. Este texto analítico contou com o suporte analítico do ChatGPT. Keywords: Teoria da Objetividade; Vidamor Cabannas; Denivaldo Silva; Theory of Objectivity; neutrinos; Neutrino 2023; telescópios de neutrinos; física de astropartículas; cosmologia multimensageira; radiação-informação; radiação atômica; elementos fenomênicos; Efeitos Indutores; axiomas modais; teorema cosmogênico; Eras cosmológicas; informação cósmica; observação científica; ontologia da fronteira; ChatGPT.",Neutrino; Teoria; Nico; Objetividade; Axiomas; Fenom; Cosmog; Teoria Objetividade; Cosmog Nico; Análise; Elementos; Nicos
https://openalex.org/W4206017016,https://doi.org/10.1017/s1743921321000831,Galaxy Forum South America-Argentina 2020,2019,2019-12-01,article,0,Steve Durst; Margarita Safonova; S. Paolantonio; Marcelo Colazo; Guangwei Li,International Psychoanalytical Association; Indian Institute of Astrophysics; Argentine National Observatory; National Space Activities Commission; Chinese Academy of Sciences; National Astronomical Observatories; University of Chinese Academy of Sciences,GB; IN; AR; CN,Proceedings of the International Astronomical Union,https://doi.org/10.1017/s1743921321000831,False,"Abstract Galaxy Forum (GF) South America 2020, was held virtually on December 8, 2020 on the opening eve of IAU 367 by the International Lunar Observatory Association (ILOA Hawai’i) with the support of the Instituto de Tecnologías en Detección y Astropartículas (ITeDA, CNEA-CONICET-UNSAM) and IAU. Galaxy Forum is an education and outreach program sponsored by ILOA, an interglobal enterprise incorporated in Hawaii as a non-profit organization to expand human knowledge of the Cosmos through observation from our Moon and to participate in internationally cooperative lunar base build-out. As a IAU-367 associated event, Galaxy Forum featured comments by Dr. Beatriz Garcia and presentations by ILOA Director Steve Durst (ILOA Hawai’i, USA), Marcelo Colazo (CONAE, Argentina); César Gonzalez García (CSIC, Spain); Li Geng (NAOC, China); Santiago Paolantonio (Córdoba Observatory, Argentina) and Margarita Safonova (IIA, India). In this contribution, the overview of the contributions permits an approach to the GF interests.",Galaxy; Forum; Galaxy Forum; Argentina; South; America; Iloa; Forum South; South America; Iloa Hawai; Lunar; Observatory
https://openalex.org/W7133458663,,Search to astroparticles sources on data of the lago collaboration,2015,2015-01-01,article,0,Christian Andrés Sarmiento Cano,,,Universidad Industrial de Santander,https://noesis.uis.edu.co/handle/20.500.14071/32303,True,"Uno de los objetivos de la colaboración LAGO, Latin American Giant Observatory, es la detección de fotones de alta energía usando detectores que se encuentren por encima de los 3500 m s.n.m. En este trabajo se uso los datos generados por la estación LAGO ubicada en el monte Chacaltaya a 5240 m s.n.m. en Bolovia en pro de buscar fuentes de astropartículas. La estación LAGO Chacaltaya se encuentra en operación continua desde el año 2008 y tiene un área de detección total de 10 m2 distribuida en tres detectores Cherenkov: 2 de 4 m2 y 1 de 2 m2. En este trabajo se uso los datos recolectados en el periodo 2010-2011 por ser estos los que mejor comportamiento presentan en cuanto a su adquisición. En este trabajo hemos desarrollado y aplicado varios métodos de análisis de datos para la búsqueda de señales transitorias y periódicas asociadas a fuentes de astropartículas. El primero de ellos, fue generado para la búsqueda de excesos en la tasa de conteo en periodos de tiempo cortos (segundos a minutos). Para el estudio de señales astrofísicas de alta energía asociadas a fenómenos transitorios, por ejemplo GRB, se usó el método de la ventana corrediza que permite hallar excesos en los datos por encima de 3σ en al menos dos detectores simultáneamente. Respecto a la búsqueda de señales periódicas, como por ejemplo los SGR o fuentes puntuales de emisión gamma, realizamos el método de apilamiento o sumatoria de archivos con el fin de minimizar el ruido y aumentar la señal. El resultado de la aplicación de estos métodos sobre los datos fue la selección de más de una centenas de archivos para el análisis transitorio y una cifra similar para el periódico. Estos archivos fueron estudiados uno a uno para corroborar que la señal observada fuese una señal física y no un error en los datos. El resultado de esta búsqueda fue dos potenciales candidatos a GRB que se han caracterizado plenamente en cuanto a su desarrollo temporal y la estimación de la energía del primario que pudo haberlo generado.",Lago; Datos; Búsqueda; Alta Energía; Trabajo Datos; Estación Lago; Fuentes Astropartículas; Búsqueda Señales; Energía; Detectores; Trabajo; Fuentes
https://openalex.org/W2811455604,,Simulación y diseño de un sensor acústico piezoeléctrico para detección de partículas,2018,2018-01-01,article,0,María Mercedes Campo-Valera; M. Ardid; Iván Felis-Enguix; J. A. Martínez Mora,,,RiuNet (Politechnical University of Valencia),http://hdl.handle.net/10251/71389,True,"Las cámaras de burbujas empleadas en los detectores para la detección de materia oscura, utilizan sensores piezoeléctricos con el fin de detectar y discriminar las señales acústicas emitidas por las burbujas, que se generan a partir de la interacción de partículas subatómicas con el fluido sobrecalentado, presente en el interior de dicha cámara. El grupo de Investigación en Acústica Aplicada a la Detección de Astropartículas de la UPV desarrolla un detector de partículas, cuyos sensores acústicos irán pegados a las paredes exteriores de la cámara, y sus resultados serán diseñados y presentados a lo largo de esta tesina. Con el objetivo de entender el comportamiento y optimizar el funcionamiento del sensor, se realizan tanto modelos analíticos y numéricos (simulados), así como pruebas experimentales para su caracterización. Los resultados de estos estudios permitirán tener un criterio de diseño para la construcción concreta de tales sensores.",Detección; Partículas; Diseño; Sensor; Sensores; Simulación; Acústico; Piezoeléctrico; Burbujas; Cámara; Resultados; Simulación Diseño
https://openalex.org/W7120780668,,Contributions of the scotogenic model to the search for dark matter in the DUNE experiment,2025,2025-08-29,dissertation,0,Marcos Henrique de Paula Dias da [UNESP] Silva,,,LA Referencia (Red Federada de Repositorios Institucionales de Publicaciones Científicas),https://hdl.handle.net/11449/314998,True,"Esta tese tem como objetivo principal realizar um estudo fenomenológico de um candidato à matéria escura (DM). Para alcançar tal objetivo, optamos por investigar o Modelo Escotogênico Singleto + Tripleto (MEST) e aplicar suas previsões no contexto do experimento DUNE (Deep Underground Neutrino Experiment). No âmbito deste estudo, exploramos a viabilidade de uma das partículas do MEST, especificamente a componente real neutra do dubleto estalar ηR, desempenhar o papel de candidato a matéria escura. Além da análise das interações propostas, discutimos a relevância de modelos que extrapolam o escopo do MP, destacando o MEST como uma alternativa teórica valiosa e promissora. Esse modelo não apenas apresenta uma estrutura conceitual robusta, como também propõe uma abordagem inovadora para a elucidação de fenômenos que permanecem desafiadores para as formulações teóricas vigentes. Em particular, o MEST fornece previsões testáveis relacionadas a dois dos maiores problemas em aberto da física de astropartículas: o mecanismo de geração de massa dos neutrinos e a natureza da matéria escura. De maneira mais ampla, destacamos a relevância do experimento DUNE não apenas na física de neutrinos, mas também na física de partículas como um todo.",Dune; Matéria Escura; Experiment; Mest; Candidato Matéria; Experimento Dune; Relev Ncia; Matéria; Escura; Física; Contributions; Scotogenic
https://openalex.org/W7133413587,,Characterization of atmospheric profiles for the lago simulation chain,2020,2020-01-01,article,0,Jennifer Grisales Casadiegos,,,Universidad Industrial de Santander,https://noesis.uis.edu.co/handle/20.500.14071/39731,True,"Uno de los objetivos del programa de clima espacial del Latin American Giant Observatory (LAGO), es estudiar la influencia de la actividad solar en las variaciones del flujo de partículas secundarias, producidas durante la interacción de las astropartículas con la atmósfera. Con este fin, se realiza una cadena de simulaciones, que estima de forma detallada, el desarrollo del primario desde su ingreso a la atmósfera terrestre, hasta la respuesta en los detectores Cherenkov de agua. El presente trabajo, completa esta cadena de simulaciones, concentrándose en el estudio del efecto que tiene la atmósfera en el flujo de fondo de secundarios. Para ello, se desarrolló una metodología que permite la creación y uso de perfiles atmosféricos mensuales, para cualquier ubicación geográfica, en las simulaciones de EAS dentro del código CORSIKA. Además se demostró la pertinencia de reemplazar los modelos atmosféricos predeterminados por nuevos perfiles, basados Sistema Global de Asimilación de datos (GDAS), comprobando, que los nuevos modelos atmosféricos mensuales, son capaces de reproducir, en el flujo de secundarios, el efecto de los cambios de temperatura a lo largo del año, y permitiendo refinar las estimaciones realizadas.",Lago; Cadena Simulaciones; Atmosféricos Mensuales; Modelos Atmosféricos; Flujo; Atmósfera; Simulaciones; Atmosféricos; Characterization; Atmospheric; Profiles; Simulation
https://openalex.org/W4414631045,https://doi.org/10.11606/003238576,Simulação do fluxo de raios cósmicos de ultra-alta energia a partir da radiogaláxia M87,2024,2024-01-01,dissertation,0,"Andressa Colaço; Souza, Vitor de",,,,https://doi.org/10.11606/003238576,True,"Atualmente há diversas questões em aberto a respeito da origem e propagacão das partículas mais energéticas no Universo. Resultados recentes de experimentos apontam para a necessidade de uma abordagem multi-mensageira para compreender estes processos, com foco no estudo de fontes no Universo local. Neste trabalho, a radiogaláxia M87 é avaliada como potencial fonte de astropartículas de altíssima energia. Consideramos um modelo de emissão de partículas a partir da aceleracão pelo Mecanismo de Fermi I e a limitacão energética é extraída de características morfológicas da galáxia. Utilizamos o framework CRPropa3 para simular eventos, propagando-os segundo as perdas energéticas relevantes neste contexto: fotoprodução de pares, fotoprodução de píons, fotodesintegração e perda adiabática. Parametrizando a simulação de acordo com características físicas da fonte, obtemos o fluxo esperado de partículas na Terra. Os resultados obtidos sugerem que M87 é uma fonte capaz de contribuir com até 40 - 70% do total medido, dentro dos parâmetros considerados, sendo este fluxo dependente da potência cinética considerada. Além disso, a análise dos espectros obtidos mostra que a região acima de 2 • 1019eV ainda precisa ser melhor compreendida. Não foram considerados efeitos de campos magnéticos, que podem modificar o espectro obtido, sendo este um próximo passo de estudo.",Fluxo; Simula; Energia; Partir; Radiogaláxia; Partículas; Fonte; Raios; Cósmicos; Ultra; Alta; Energéticas
https://openalex.org/W3092481443,https://doi.org/10.33414/ajea.5.758.2020,Desarrollo de Técnicas de Muongrafía para Estudios Densitométricos de Objetos de Importancia Estratégica,2020,2020-10-05,article,0,Rolando Calderón-Ardila; H. Asorey; Alejandro Almela,National University of General San Martín; Instituto de Tecnologías en Detección y Astropartículas,AR,AJEA,https://doi.org/10.33414/ajea.5.758.2020,True,"La muongrafía es una técnica de prospección no destructiva que permite la determinación de la estructura interna de grandes estructuras tanto naturales como artificiales, por ejemplo volcanes. Esto es posible al construir una imagen con base en la absorción diferencial del flujo direccional de muones atmosféricos producto de la interacción de rayos cósmicos con la atmósfera. Este trabajo doctoral es desarrollado con el propósito principal de aportar en el avance de la muongrafía como técnica de prospección en Geofísica. El trabajo se compone de dos lineas de trabajo, una experimental y una teórica. La experimental se basa en el desarrollo de un prototipo de detector de astropartículas con base en centelladores plásticos y fotomultiplicadores, para esto se usa una electrónica de adquisición desarrollada para el proyecto AMIGA en el Observatorio Pierre Auger y materiales centelladores de plástico. La segunda linea de trabajo trata del estudio del detector y las estructuras de investigación a través de simulaciones computacionales y modelos teóricos. Durante los dos primeros años se completaron los créditos de cursos solicitados por el doctorado, Ademas se trabajó en el estudio de la respuesta de la electrónica, los pulsos, técnicas de análisis de datos y el acople de fotomultiplicadores con los centelladores. Gracias a esto se avanzo en el desarrollo del prototipo y se investigo la posibilidad de incrementar la resolución espacial a través de la detección sincrónica usando electrónicas conectadas al mismo centellador. Actualmente iniciamos el trabajo en los modelos computacionales, estamos estudiando e investigando con respecto a los candidatos a objetos de estudio, destacando el volcán Copahue, volcán Peteroa y la posibilidad de realizar mediciones bajo tierra.",Desarrollo; Muongrafía; Estudio; Trabajo; Técnicas; Objetos; Técnica; Muongrafía Técnica; Técnica Prospección; Desarrollo Prototipo; Esto; Centelladores
https://openalex.org/W7118156915,,ESTIMACIÓN DEL FLUJO DE MUONES EN EL LABORATORIO SUBTERRÁNEO ANDES,2022,2022-01-01,article,0,C. Pérez Bertolli; C. Sarmiento-Cano; H. Asorey,,,DOAJ (DOAJ: Directory of Open Access Journals),https://doaj.org/article/8a1c081c96444630b67d63c0ef3e3e44,False,"El Laboratorio Subterráneo ANDES está siendo planificado y diseñado para ser uno de los laboratorios más grandes y con mayor cobertura de roca en el Hemisferio Sur. Ubicado en la Cordillera de los Andes, en la zona del actual Paso de Agua Negra que conecta las provincias de San Juan (Argentina) y Elqui (Chile). La diversidad de experimentos que se están planificando, entre ellos experimentos de búsqueda directa e indirecta de materia oscura y física de neutrinos, requieren de la necesidad de conocer con mucha precisión cuál será el flujo esperado de muones atmosférico de alta energía dentro del laboratorio. Estos muones son producidos durante la interacción de astropartículas de alta y ultra alta energía con la atmósfera terrestre. En la componente de alta energía pueden encontrarse muones con energías de decenas de TeV, capaces de atravesar miles de metros de roca. Estimaciones previas realizadas a partir de suposiciones razonables sobre el tipo de roca esperada en la zona, mostraron que el flujo de muones esperado era compatible con otros laboratorios a una profundidad equivalente similar. En este trabajo, se realizaron simulaciones de flujo de lluvias atmosféricas extendidas en el sitio del laboratorio, seleccionando aquellos muones con energía suficiente para alcanzar al laboratorio en base a su ángulo de incidencia y a la altura a la que ingresan en la montaña. Luego se modeló una función de transferencia aprovechando los nuevos estudios geológicos disponibles actualmente que permiten conformar un modelo mucho más detallado de la distribución de roca en el interior de la montaña. Finalmente, se calculó numéricamente la interacción de estos muones con los diferentes tipos de roca a lo largo de su recorrido hacia el laboratorio utilizando el modelo de desaceleración continua (CSDA), obteniéndose así que el flujo de muones esperado dentro del laboratorio es de (1,47±0,02) día−1m−2sr−1.",Muones; Laboratorio; Flujo; Andes; Flujo Muones; Alta Energía; Roca; Subterráneo; Alta; Energía; Laboratorio Subterráneo; Subterráneo Andes
https://openalex.org/W7122582204,https://doi.org/10.4995/thesis/10251/231531,Light at the end of the line: ML-enhanced reconstruction of single-line events in ANTARES and an indirect search for Dark Matter in the Sun,2025,2025-12-12,dissertation,0,Juan García-Méndez,,,,https://doi.org/10.4995/thesis/10251/231531,True,"[ES] Esta tesis explora tres pilares interrelacionados de la física de astropartículas moderna: los neutrinos de alta energía como mensajeros cósmicos, la reconstrucción de eventos basada en aprendizaje automático para grandes telescopios de neutrinos y las búsquedas indirectas de materia oscura procedente del Sol. Tras introducir la física de producción y detección de neutrinos, describimos el telescopio submarino ANTARES y su marco de adquisición de datos, destacando los retos que plantean los eventos de baja energía y de una sola línea (SL), para los cuales la reconstrucción convencional es limitada. La contribución metodológica central es N-fit, un marco de aprendizaje profundo adaptado a eventos SL. N-fit combina arquitecturas convolucionales con salidas de mezcla de densidades y aprendizaje por transferencia para inferir la dirección, la geometría, la energía y la clase del evento, con incertidumbres estimadas por evento. En simulaciones Monte Carlo y en datos, N-fit reduce sustancialmente los errores angulares para eventos tipo traza y, de forma crucial, proporciona estimaciones azimutales para eventos SL que antes no estaban disponibles. Para la mitad de mayor calidad de la muestra, el error cenital mediano mejora hasta el orden de unos pocos grados, permitiendo selecciones de calidad más estrictas; la inferencia de distancia/vértice de interacción y una regresión de energía con estimación explícita de incertidumbres refuerzan los análisis posteriores. Un clasificador con aprendizaje transferido alcanza una precisión competitiva, aprovechando características espaciales compartidas entre tareas. Sobre estos avances, la tesis realiza una búsqueda de neutrinos procedentes de la autoaniquilación de materia oscura en el Sol, para la cual utiliza datos de ANTARES con un análisis no binado de verosimilitud. No se observa un exceso significativo; establecemos pues límites superiores al flujo de neutrinos solares procedentes de las autoaniquilaciones de WIMPs y a la sección eficaz de dispersión WIMP-nucleón en un amplio rango de masas de las WIMPs. Estos límites son competitivos y complementarios a los de otros telescopios de neutrinos y a los de los experimentos de detección directa, subrayando la sinergia entre búsquedas indirectas, directas y en colisionadores. Concluimos con perspectivas para KM3NeT, donde métodos de tipo N-fit y selecciones informadas por la incertidumbre pueden ampliar la investigación en física: desde estudios de oscilaciones de neutrinos a baja energía hasta búsquedas en dominio temporal y multimensajero.",Neutrinos; Antares; Energía; Eventos; Line; Aprendizaje; Telescopios Neutrinos; Búsquedas Indirectas; Materia Oscura; Baja Energía; Física; Búsquedas
https://openalex.org/W7162725226,,Neutrino hunter: Aprendizaje interactivo en Física de partículas,2026,2026-01-01,other,0,Diego García Gámez; Bruno Zamorano García; Patricia Sánchez Lucas,,,Institutional Repository of the University of Granada (University of Granada),https://hdl.handle.net/10481/113671,True,Modelo de Memoria Final del Proyecto de Innovación Docente (PID).,Neutrino; Hunter; Aprendizaje; Interactivo; Física; Partículas; Neutrino Hunter; Hunter Aprendizaje; Aprendizaje Interactivo; Interactivo Física; Física Partículas; Partículas Modelo
https://openalex.org/W7162439764,https://doi.org/10.29166/pr.vi7.10223,De la Alquimia a la Física Cuántica: CERN Transformó Plomo en Oro,2025,2025-08-05,article,0,Jorge Chimarro,Central University of Ecuador,EC,PRAXIS,https://doi.org/10.29166/pr.vi7.10223,True,"El experimento ALICE del CERN logró la transmutación de plomo en oro mediante colisiones de iones pesados a alta energía, replicando el antiguo sueño de la alquimia con bases científicas. Este proceso ocurre al cambiar el número de protones en el núcleo atómico. Aunque el logro no es viable económicamente, representa un avance crucial para comprender la formación de elementos pesados y la transformación nuclear. El hito establece una conexión fascinante entre los ideales alquímicos de Isaac Newton y los avances de la física moderna.",Alquimia; Física; Cern; Plomo; Cuántica; Transformó; Pesados; Alquimia Física; Física Cuántica; Cuántica Cern; Cern Transformó; Transformó Plomo
https://openalex.org/W2993908107,,Estrategia de la política exterior argentina del gobierno de Mauricio Macri hacia los países de la Unión Europea: ¿nuevos roles a los socios de siempre?,2018,2018-10-30,article,0,Camila Abbondanzieri; Marta Cabeza,National University of Rosario,AR,Repositorio Digital Universidad Ceipa,https://revistas.ceipa.edu.co/index.php/lupa/article/view/248,True,"El artículo analiza la política exterior argentina hacia la Unión Europea durante lagestión de Mauricio Macri. Se destaca la adopción por parte del gobierno de unanueva posición estratégica y, por lo tanto, de una nueva postura ideológica conrespecto a las administraciones anteriores: el mundo que interesa al gobiernoargentino actual ya no es casi exclusivamente la región latinoamericana, sino queincluye también a los países centrales. Se presenta aquí un repaso de las relacionesbilaterales con los países europeos que han sido más activos en el acercamiento conla Argentina (ya sea por su cercanía cultural, por su importancia económica o porcuestiones políticas estratégicas) y también se abordan las relaciones con el grupoeuropeo en su totalidad, a través de las instituciones comunitarias.",Argentina; Países; Política; Exterior; Gobierno; Mauricio; Macri; Unión; Europea; Política Exterior; Exterior Argentina; Mauricio Macri
